pipeline_version,dataset,learner,repeat,condition,method,outlier_rate,clone_frac,n_outlier_rows,n_clones,d_original,d_total,model_fit_time_sec,model_test_accuracy,explain_time_sec,added_clone_mass,bootstrap_cosine,bootstrap_spearman,bootstrap_topk,noise_cosine,noise_spearman,noise_topk,implementation,error
r5_final_inverse_map_complete_2026-08-31,breast_cancer,lgbm,0,clean,AIME,0.0,0.0,0,0,30,30,1.141640790970996,0.9590643274853801,0.00026287499349564314,0.0,0.9909189395270088,0.9563515016685205,0.8575757575757577,0.999914882339012,0.9983685576566556,0.9393939393939394,equation-consistent inverse map,
r5_final_inverse_map_complete_2026-08-31,breast_cancer,lgbm,0,clean,HuberAIME,0.0,0.0,0,0,30,30,1.141640790970996,0.9590643274853801,0.0006452500820159912,0.0,0.9897142937715628,0.9745494994438262,0.8212121212121213,0.9999041805509138,0.9992584352984797,1.0,equation-consistent inverse map,
r5_final_inverse_map_complete_2026-08-31,breast_cancer,lgbm,0,clean,RidgeAIME,0.0,0.0,0,0,30,30,1.141640790970996,0.9590643274853801,0.00016570906154811382,0.0,0.9909186061509878,0.9563515016685205,0.8575757575757577,0.9999148884126888,0.9983685576566556,0.9393939393939394,equation-consistent inverse map,
r5_final_inverse_map_complete_2026-08-31,breast_cancer,lgbm,0,clean,HuberRidgeAIME,0.0,0.0,0,0,30,30,1.141640790970996,0.9590643274853801,0.0006007089978083968,0.0,0.989713933080609,0.9745494994438262,0.8212121212121213,0.9999041873169722,0.9992584352984797,1.0,equation-consistent inverse map,
r5_final_inverse_map_complete_2026-08-31,breast_cancer,lgbm,0,clean,LIME,0.0,0.0,0,0,30,30,1.141640790970996,0.9590643274853801,0.048115040990523994,0.0,0.9991635625636809,0.9575973303670745,0.9818181818181818,0.9970499218886322,0.8481275491286615,0.8787878787878789,lime.lime_tabular.LimeTabularExplainer,
r5_final_inverse_map_complete_2026-08-31,breast_cancer,lgbm,0,clean,SHAP_TreeSHAP,0.0,0.0,0,0,30,30,1.141640790970996,0.9590643274853801,0.0017802910879254341,0.0,0.9910941040760044,0.9842491657397107,0.9818181818181818,0.9999182935936944,0.9989618094178718,1.0,LightGBM native TreeSHAP pred_contrib=True,
r5_final_inverse_map_complete_2026-08-31,breast_cancer,lgbm,0,joint_high_stress,AIME,0.1,0.5,57,15,30,45,1.163838625070639,0.9473684210526315,0.00024970900267362595,0.35377958443239926,0.9486946737855082,0.8739525691699603,0.6346986346986347,0.9998196937833592,0.9978919631093542,1.0,equation-consistent inverse map,
r5_final_inverse_map_complete_2026-08-31,breast_cancer,lgbm,0,joint_high_stress,HuberAIME,0.1,0.5,57,15,30,45,1.163838625070639,0.9473684210526315,0.0006777499802410603,0.3530925629704796,0.9871826962565127,0.9658761528326745,0.8689976689976688,0.9997521235650658,0.9984189723320157,1.0,equation-consistent inverse map,
r5_final_inverse_map_complete_2026-08-31,breast_cancer,lgbm,0,joint_high_stress,RidgeAIME,0.1,0.5,57,15,30,45,1.163838625070639,0.9473684210526315,0.0001667920732870698,0.35378005451731165,0.9486938678799641,0.8739525691699603,0.6346986346986347,0.9998196969786624,0.9978919631093542,1.0,equation-consistent inverse map,
r5_final_inverse_map_complete_2026-08-31,breast_cancer,lgbm,0,joint_high_stress,HuberRidgeAIME,0.1,0.5,57,15,30,45,1.163838625070639,0.9473684210526315,0.0007096660556271672,0.3530922561130111,0.987181982289488,0.9658761528326745,0.8689976689976688,0.999752126093648,0.9984189723320157,1.0,equation-consistent inverse map,
r5_final_inverse_map_complete_2026-08-31,breast_cancer,lgbm,0,joint_high_stress,LIME,0.1,0.5,57,15,30,45,1.163838625070639,0.9473684210526315,0.0531900420319289,0.19832697540522293,0.9971059177197349,0.920619235836627,0.9636363636363636,0.9944451706174243,0.7264382960035133,0.9393939393939394,lime.lime_tabular.LimeTabularExplainer,
r5_final_inverse_map_complete_2026-08-31,breast_cancer,lgbm,0,joint_high_stress,SHAP_TreeSHAP,0.1,0.5,57,15,30,45,1.163838625070639,0.9473684210526315,0.0020993329817429185,0.2358653693695831,0.9942478226455813,0.9732279314888009,0.9818181818181818,0.9991462762488909,0.9975845410628018,1.0,LightGBM native TreeSHAP pred_contrib=True,
r5_final_inverse_map_complete_2026-08-31,breast_cancer,lgbm,1,clean,AIME,0.0,0.0,0,0,30,30,1.1199788749217987,0.9473684210526315,0.0003249999135732651,0.0,0.9802098735764215,0.9512791991101224,0.8030303030303031,0.9999906659757508,0.9974786800148313,0.9393939393939394,equation-consistent inverse map,
r5_final_inverse_map_complete_2026-08-31,breast_cancer,lgbm,1,clean,HuberAIME,0.0,0.0,0,0,30,30,1.1199788749217987,0.9473684210526315,0.0007027080282568932,0.0,0.9843095049631142,0.9612013348164627,0.890909090909091,0.9999888816804651,0.9992584352984798,1.0,equation-consistent inverse map,
r5_final_inverse_map_complete_2026-08-31,breast_cancer,lgbm,1,clean,RidgeAIME,0.0,0.0,0,0,30,30,1.1199788749217987,0.9473684210526315,0.0002117078984156251,0.0,0.9802099775706866,0.9512791991101224,0.8030303030303031,0.9999906659816821,0.9974786800148313,0.9393939393939394,equation-consistent inverse map,
r5_final_inverse_map_complete_2026-08-31,breast_cancer,lgbm,1,clean,HuberRidgeAIME,0.0,0.0,0,0,30,30,1.1199788749217987,0.9473684210526315,0.0006640000501647592,0.0,0.9843097601633737,0.9612013348164627,0.890909090909091,0.9999888818381825,0.9992584352984798,1.0,equation-consistent inverse map,
r5_final_inverse_map_complete_2026-08-31,breast_cancer,lgbm,1,clean,LIME,0.0,0.0,0,0,30,30,1.1199788749217987,0.9473684210526315,0.0482545830309391,0.0,0.9989759091665557,0.945139043381535,0.9272727272727274,0.9967942911628943,0.7578049684835002,0.8282828282828283,lime.lime_tabular.LimeTabularExplainer,
r5_final_inverse_map_complete_2026-08-31,breast_cancer,lgbm,1,clean,SHAP_TreeSHAP,0.0,0.0,0,0,30,30,1.1199788749217987,0.9473684210526315,0.0020366250537335873,0.0,0.9974740739822296,0.9845606229143492,0.9818181818181818,0.9998787829679392,0.9903596588802372,1.0,LightGBM native TreeSHAP pred_contrib=True,
r5_final_inverse_map_complete_2026-08-31,breast_cancer,lgbm,1,joint_high_stress,AIME,0.1,0.5,57,15,30,45,1.186629542033188,0.9590643274853801,0.00026341702323406935,0.36490640783271117,0.9562670666506813,0.867931488801054,0.6531468531468532,0.9999320697948515,0.999385155906895,0.9393939393939394,equation-consistent inverse map,
r5_final_inverse_map_complete_2026-08-31,breast_cancer,lgbm,1,joint_high_stress,HuberAIME,0.1,0.5,57,15,30,45,1.186629542033188,0.9590643274853801,0.0007292910013347864,0.36077904495147256,0.9878637714199877,0.9363899868247694,0.6421578421578422,0.9999048200845664,0.997935880544576,0.9393939393939394,equation-consistent inverse map,
r5_final_inverse_map_complete_2026-08-31,breast_cancer,lgbm,1,joint_high_stress,RidgeAIME,0.1,0.5,57,15,30,45,1.186629542033188,0.9590643274853801,0.00017562496941536665,0.36490621555688113,0.9562673236985578,0.867931488801054,0.6531468531468532,0.999932072563006,0.999385155906895,0.9393939393939394,equation-consistent inverse map,
r5_final_inverse_map_complete_2026-08-31,breast_cancer,lgbm,1,joint_high_stress,HuberRidgeAIME,0.1,0.5,57,15,30,45,1.186629542033188,0.9590643274853801,0.0008035829523578286,0.3607792399161324,0.9878637721522843,0.9363899868247694,0.6421578421578422,0.9999048242014652,0.997935880544576,0.9393939393939394,equation-consistent inverse map,
r5_final_inverse_map_complete_2026-08-31,breast_cancer,lgbm,1,joint_high_stress,LIME,0.1,0.5,57,15,30,45,1.186629542033188,0.9590643274853801,0.04931049991864711,0.3655939008861677,0.9982232994868248,0.9368642951251646,0.8727272727272728,0.995741523642537,0.8118137900746597,0.9393939393939394,lime.lime_tabular.LimeTabularExplainer,
r5_final_inverse_map_complete_2026-08-31,breast_cancer,lgbm,1,joint_high_stress,SHAP_TreeSHAP,0.1,0.5,57,15,30,45,1.186629542033188,0.9590643274853801,0.0020556249655783176,0.3900683175743506,0.9942313000016811,0.9793017127799736,0.8424242424242425,0.9996070273600198,0.9964426877470355,0.9393939393939394,LightGBM native TreeSHAP pred_contrib=True,
r5_final_inverse_map_complete_2026-08-31,credit_approval,lgbm,0,clean,AIME,0.0,0.0,0,0,42,42,1.2750523750437424,0.927536231884058,0.0002680419711396098,0.0,0.9490678193340394,0.8516903121199837,0.6213786213786214,0.9988552999606135,0.9883017528875723,0.8181818181818182,equation-consistent inverse map,
r5_final_inverse_map_complete_2026-08-31,credit_approval,lgbm,0,clean,HuberAIME,0.0,0.0,0,0,42,42,1.2750523750437424,0.927536231884058,0.0006340829422697425,0.0,0.9540170580915313,0.8715524929063638,0.6603396603396603,0.9988831848102259,0.9908143157759172,0.8787878787878789,equation-consistent inverse map,
r5_final_inverse_map_complete_2026-08-31,credit_approval,lgbm,0,clean,RidgeAIME,0.0,0.0,0,0,42,42,1.2750523750437424,0.927536231884058,0.00016545795369893312,0.0,0.9490669132981122,0.8516903121199837,0.6213786213786214,0.9988553150586688,0.9883017528875723,0.8181818181818182,equation-consistent inverse map,
r5_final_inverse_map_complete_2026-08-31,credit_approval,lgbm,0,clean,HuberRidgeAIME,0.0,0.0,0,0,42,42,1.2750523750437424,0.927536231884058,0.0006307921139523387,0.0,0.9540162161783728,0.8715524929063638,0.6603396603396603,0.9988831999482747,0.9908143157759172,0.8787878787878789,equation-consistent inverse map,
r5_final_inverse_map_complete_2026-08-31,credit_approval,lgbm,0,clean,LIME,0.0,0.0,0,0,42,42,1.2750523750437424,0.927536231884058,0.04583470802754164,0.0,0.9982650102885982,0.8837695486589418,0.7599067599067599,0.9970080241109355,0.620506171839127,0.6239316239316239,lime.lime_tabular.LimeTabularExplainer,
r5_final_inverse_map_complete_2026-08-31,credit_approval,lgbm,0,clean,SHAP_TreeSHAP,0.0,0.0,0,0,42,42,1.2750523750437424,0.927536231884058,0.001733458018861711,0.0,0.9931178558163678,0.9796276196042415,0.806060606060606,0.9980143667125557,0.9961036430937075,1.0,LightGBM native TreeSHAP pred_contrib=True,
r5_final_inverse_map_complete_2026-08-31,credit_approval,lgbm,0,joint_high_stress,AIME,0.1,0.5,69,21,42,63,1.336732167052105,0.8454106280193237,0.000275749946013093,0.417470636656869,0.8488350802542936,0.6192780337941628,0.4999000999001,0.9807658562635092,0.8890168970814133,0.8787878787878789,equation-consistent inverse map,
r5_final_inverse_map_complete_2026-08-31,credit_approval,lgbm,0,joint_high_stress,HuberAIME,0.1,0.5,69,21,42,63,1.336732167052105,0.8454106280193237,0.0007757080020383,0.43500815257358655,0.9465376756803925,0.816748271889401,0.6796536796536797,0.9937788265045929,0.9623175883256531,0.7676767676767677,equation-consistent inverse map,
r5_final_inverse_map_complete_2026-08-31,credit_approval,lgbm,0,joint_high_stress,RidgeAIME,0.1,0.5,69,21,42,63,1.336732167052105,0.8454106280193237,0.0001759999431669712,0.4174701348363527,0.8488332444054594,0.6192780337941628,0.4999000999001,0.9807660678512047,0.8890168970814133,0.8787878787878789,equation-consistent inverse map,
r5_final_inverse_map_complete_2026-08-31,credit_approval,lgbm,0,joint_high_stress,HuberRidgeAIME,0.1,0.5,69,21,42,63,1.336732167052105,0.8454106280193237,0.0007180829998105764,0.43500767064825296,0.9465367779651885,0.8166282642089093,0.6796536796536797,0.9937789490675407,0.9623175883256531,0.7676767676767677,equation-consistent inverse map,
r5_final_inverse_map_complete_2026-08-31,credit_approval,lgbm,0,joint_high_stress,LIME,0.1,0.5,69,21,42,63,1.336732167052105,0.8454106280193237,0.04955520899966359,0.4743813106046584,0.99584727850871,0.914651926794688,0.8393939393939395,0.9913509065445433,0.7684657086419052,0.7171717171717171,lime.lime_tabular.LimeTabularExplainer,
r5_final_inverse_map_complete_2026-08-31,credit_approval,lgbm,0,joint_high_stress,SHAP_TreeSHAP,0.1,0.5,69,21,42,63,1.336732167052105,0.8454106280193237,0.002265915973111987,0.6113237479666832,0.9948974887826786,0.9953984231665594,0.8424242424242424,0.9846022963511792,0.9900001652865242,0.6744366744366744,LightGBM native TreeSHAP pred_contrib=True,
r5_final_inverse_map_complete_2026-08-31,credit_approval,lgbm,1,clean,AIME,0.0,0.0,0,0,42,42,1.2597522910218686,0.8502415458937198,0.00025345792528241873,0.0,0.9194266009968596,0.7506578651915253,0.5939060939060938,0.9984304059618645,0.9920175120906732,0.9393939393939394,equation-consistent inverse map,
r5_final_inverse_map_complete_2026-08-31,credit_approval,lgbm,1,clean,HuberAIME,0.0,0.0,0,0,42,42,1.2597522910218686,0.8502415458937198,0.0006234579486772418,0.0,0.9287870033090533,0.7903930420692573,0.6043956043956044,0.9984393555374025,0.9917473768860084,0.8181818181818182,equation-consistent inverse map,
r5_final_inverse_map_complete_2026-08-31,credit_approval,lgbm,1,clean,RidgeAIME,0.0,0.0,0,0,42,42,1.2597522910218686,0.8502415458937198,0.00018124992493540049,0.0,0.9194249443071053,0.7506578651915253,0.5939060939060938,0.9984304373661343,0.9920175120906732,0.9393939393939394,equation-consistent inverse map,
r5_final_inverse_map_complete_2026-08-31,credit_approval,lgbm,1,clean,HuberRidgeAIME,0.0,0.0,0,0,42,42,1.2597522910218686,0.8502415458937198,0.0005947919562458992,0.0,0.9287854760657563,0.7902847961044274,0.6043956043956044,0.9984393843551093,0.9917473768860084,0.8181818181818182,equation-consistent inverse map,
r5_final_inverse_map_complete_2026-08-31,credit_approval,lgbm,1,clean,LIME,0.0,0.0,0,0,42,42,1.2597522910218686,0.8502415458937198,0.04521237500011921,0.0,0.9982620371979364,0.8140345190827325,0.8939393939393939,0.9972629992304461,0.6278529562704265,1.0,lime.lime_tabular.LimeTabularExplainer,
r5_final_inverse_map_complete_2026-08-31,credit_approval,lgbm,1,clean,SHAP_TreeSHAP,0.0,0.0,0,0,42,42,1.2597522910218686,0.8502415458937198,0.001635666936635971,0.0,0.9962586988117058,0.9877431744176338,0.7727272727272727,0.9977684507737435,0.9979961593053354,1.0,LightGBM native TreeSHAP pred_contrib=True,
r5_final_inverse_map_complete_2026-08-31,credit_approval,lgbm,1,joint_high_stress,AIME,0.1,0.5,69,21,42,63,1.3442959579406306,0.8985507246376812,0.00028249993920326233,0.3200415080428197,0.8775811284363828,0.681902841781874,0.5472527472527472,0.9888845123766058,0.9756784434203789,0.9393939393939394,equation-consistent inverse map,
r5_final_inverse_map_complete_2026-08-31,credit_approval,lgbm,1,joint_high_stress,HuberAIME,0.1,0.5,69,21,42,63,1.3442959579406306,0.8985507246376812,0.0006832910003140569,0.31991063250404794,0.9451991943662058,0.8053043394777267,0.806060606060606,0.9940062571415016,0.9511808755760369,0.8181818181818182,equation-consistent inverse map,
r5_final_inverse_map_complete_2026-08-31,credit_approval,lgbm,1,joint_high_stress,RidgeAIME,0.1,0.5,69,21,42,63,1.3442959579406306,0.8985507246376812,0.00023875001352280378,0.3200425731452843,0.8775793460136428,0.681902841781874,0.5472527472527472,0.9888845552477331,0.9756784434203789,0.9393939393939394,equation-consistent inverse map,
r5_final_inverse_map_complete_2026-08-31,credit_approval,lgbm,1,joint_high_stress,HuberRidgeAIME,0.1,0.5,69,21,42,63,1.3442959579406306,0.8985507246376812,0.0006836670218035579,0.319910885976686,0.9451981935807654,0.8053043394777267,0.806060606060606,0.994006269599845,0.9511808755760369,0.8181818181818182,equation-consistent inverse map,
r5_final_inverse_map_complete_2026-08-31,credit_approval,lgbm,1,joint_high_stress,LIME,0.1,0.5,69,21,42,63,1.3442959579406306,0.8985507246376812,0.05140995804686099,0.5486600446386253,0.9978725884996704,0.8931164746871729,0.8727272727272728,0.9937654877472061,0.7087703117156542,0.8787878787878789,lime.lime_tabular.LimeTabularExplainer,
r5_final_inverse_map_complete_2026-08-31,credit_approval,lgbm,1,joint_high_stress,SHAP_TreeSHAP,0.1,0.5,69,21,42,63,1.3442959579406306,0.8985507246376812,0.0017214169492945075,0.7306067167965019,0.99615179951131,0.9918810664700823,0.8393939393939395,0.9932922245815341,0.99054756931646,0.8181818181818182,LightGBM native TreeSHAP pred_contrib=True,
r5_final_inverse_map_complete_2026-08-31,har,lgbm,0,clean,AIME,0.0,0.0,0,0,561,561,11.95114412496332,0.9844444444444445,0.001786665990948677,0.0,0.9966803245200424,0.9944831581226747,0.6013653013653013,0.9999160885951276,0.9999428968987815,0.8787878787878789,equation-consistent inverse map,
r5_final_inverse_map_complete_2026-08-31,har,lgbm,0,clean,HuberAIME,0.0,0.0,0,0,561,561,11.95114412496332,0.9844444444444445,0.006498707924038172,0.0,0.9968914451751381,0.9952127097766855,0.6831834831834832,0.9999125807134138,0.9999457175042629,1.0,equation-consistent inverse map,
r5_final_inverse_map_complete_2026-08-31,har,lgbm,0,clean,RidgeAIME,0.0,0.0,0,0,561,561,11.95114412496332,0.9844444444444445,0.0016625829739496112,0.0,0.996680330731435,0.9944843407385479,0.6013653013653013,0.9999160877392104,0.9999431461089044,0.8787878787878789,equation-consistent inverse map,
r5_final_inverse_map_complete_2026-08-31,har,lgbm,0,clean,HuberRidgeAIME,0.0,0.0,0,0,561,561,11.95114412496332,0.9844444444444445,0.00641116697806865,0.0,0.996891455485222,0.9952120640956054,0.6831834831834832,0.9999125796345297,0.9999457288319958,1.0,equation-consistent inverse map,
r5_final_inverse_map_complete_2026-08-31,har,lgbm,0,clean,LIME,0.0,0.0,0,0,561,561,11.95114412496332,0.9844444444444445,0.2097744169877842,0.0,0.8260995708575016,0.7848901509695697,0.3938522262051674,0.799968589998351,0.2779277484674113,0.5018315018315018,lime.lime_tabular.LimeTabularExplainer,
r5_final_inverse_map_complete_2026-08-31,har,lgbm,0,clean,SHAP_TreeSHAP,0.0,0.0,0,0,561,561,11.95114412496332,0.9844444444444445,0.008045500027947128,0.0,0.906839417925897,0.938604374951843,0.5775557775557776,0.9955296623801937,0.9548170280802583,0.8461538461538461,LightGBM native TreeSHAP pred_contrib=True,
r5_final_inverse_map_complete_2026-08-31,har,lgbm,0,joint_high_stress,AIME,0.1,0.5,300,100,561,661,11.998012625030242,0.9766666666666667,0.002794959000311792,0.1474500012213634,0.9818859574319971,0.9647481718751104,0.3283613445378151,0.9993656575428713,0.9998041302180871,0.9393939393939394,equation-consistent inverse map,
r5_final_inverse_map_complete_2026-08-31,har,lgbm,0,joint_high_stress,HuberAIME,0.1,0.5,300,100,561,661,11.998012625030242,0.9766666666666667,0.007548167021013796,0.14680269667426815,0.9960375445747001,0.9937840471250897,0.43090243090243086,0.9999081333888823,0.9999219540219858,0.9393939393939394,equation-consistent inverse map,
r5_final_inverse_map_complete_2026-08-31,har,lgbm,0,joint_high_stress,RidgeAIME,0.1,0.5,300,100,561,661,11.998012625030242,0.9766666666666667,0.0019376249983906746,0.14745003716736754,0.9818859188022622,0.9647471538840928,0.3283613445378151,0.9993656532658285,0.9998040194163437,0.9393939393939394,equation-consistent inverse map,
r5_final_inverse_map_complete_2026-08-31,har,lgbm,0,joint_high_stress,HuberRidgeAIME,0.1,0.5,300,100,561,661,11.998012625030242,0.9766666666666667,0.00740274996496737,0.14680268326469073,0.9960375730153054,0.9937839390933897,0.43090243090243086,0.9999081325060205,0.9999218016695884,0.9393939393939394,equation-consistent inverse map,
r5_final_inverse_map_complete_2026-08-31,har,lgbm,0,joint_high_stress,LIME,0.1,0.5,300,100,561,661,11.998012625030242,0.9766666666666667,0.22087579197250307,0.14536158636778407,0.878864315843782,0.8216605071739682,0.552880452880453,0.8454078124235244,0.42831785049192406,0.5811965811965812,lime.lime_tabular.LimeTabularExplainer,
r5_final_inverse_map_complete_2026-08-31,har,lgbm,0,joint_high_stress,SHAP_TreeSHAP,0.1,0.5,300,100,561,661,11.998012625030242,0.9766666666666667,0.007012374931946397,0.09739667815615911,0.9189141853532199,0.9510009552495304,0.5719280719280719,0.9947075774635735,0.947212332012438,0.8888888888888888,LightGBM native TreeSHAP pred_contrib=True,
r5_final_inverse_map_complete_2026-08-31,har,lgbm,1,clean,AIME,0.0,0.0,0,0,561,561,11.036529707955196,0.9733333333333334,0.0017849169671535492,0.0,0.9964192946721573,0.9927140599298072,0.5174408924408924,0.9999225581541134,0.9999350354521788,0.8787878787878789,equation-consistent inverse map,
r5_final_inverse_map_complete_2026-08-31,har,lgbm,1,clean,HuberAIME,0.0,0.0,0,0,561,561,11.036529707955196,0.9733333333333334,0.006387708010151982,0.0,0.9967027220438844,0.9942791229013835,0.5500146911911619,0.9999195698915858,0.9999362022086631,0.9393939393939394,equation-consistent inverse map,
r5_final_inverse_map_complete_2026-08-31,har,lgbm,1,clean,RidgeAIME,0.0,0.0,0,0,561,561,11.036529707955196,0.9733333333333334,0.0016105840913951397,0.0,0.99641927894389,0.9927146240511717,0.5174408924408924,0.9999225583113674,0.9999348542084533,0.8787878787878789,equation-consistent inverse map,
r5_final_inverse_map_complete_2026-08-31,har,lgbm,1,clean,HuberRidgeAIME,0.0,0.0,0,0,561,561,11.036529707955196,0.9733333333333334,0.00640495796687901,0.0,0.996702705077432,0.994279727802606,0.5500146911911619,0.9999195697658966,0.9999359983094718,0.9393939393939394,equation-consistent inverse map,
r5_final_inverse_map_complete_2026-08-31,har,lgbm,1,clean,LIME,0.0,0.0,0,0,561,561,11.036529707955196,0.9733333333333334,0.19901904196012765,0.0,0.8582952595002278,0.8031130714771908,0.34319650937297996,0.7876541804039331,0.3407067383088816,0.20098039215686278,lime.lime_tabular.LimeTabularExplainer,
r5_final_inverse_map_complete_2026-08-31,har,lgbm,1,clean,SHAP_TreeSHAP,0.0,0.0,0,0,561,561,11.036529707955196,0.9733333333333334,0.007448500022292137,0.0,0.9373368273506146,0.9550347253838023,0.6888111888111889,0.9986605925090569,0.9722406940049654,0.8181818181818182,LightGBM native TreeSHAP pred_contrib=True,
r5_final_inverse_map_complete_2026-08-31,har,lgbm,1,joint_high_stress,AIME,0.1,0.5,300,100,561,661,11.753473042044789,0.9744444444444444,0.0024413339560851455,0.14515792468583325,0.9807472755571848,0.9651147649832698,0.24857609710550888,0.999317597997659,0.9997713606024735,1.0,equation-consistent inverse map,
r5_final_inverse_map_complete_2026-08-31,har,lgbm,1,joint_high_stress,HuberAIME,0.1,0.5,300,100,561,661,11.753473042044789,0.9744444444444444,0.007473290897905827,0.1453360164478416,0.995670403724932,0.9916374614046367,0.4032051282051282,0.999830217161631,0.9998999460257009,1.0,equation-consistent inverse map,
r5_final_inverse_map_complete_2026-08-31,har,lgbm,1,joint_high_stress,RidgeAIME,0.1,0.5,300,100,561,661,11.753473042044789,0.9744444444444444,0.0019657500088214874,0.14515791351228285,0.9807472604007025,0.9651131943685568,0.24857609710550888,0.9993175967119691,0.9997716376068321,1.0,equation-consistent inverse map,
r5_final_inverse_map_complete_2026-08-31,har,lgbm,1,joint_high_stress,HuberRidgeAIME,0.1,0.5,300,100,561,661,11.753473042044789,0.9744444444444444,0.007663166965357959,0.14533601217284042,0.995670418649915,0.9916384046044774,0.4032051282051282,0.9998302154769788,0.999900292281149,1.0,equation-consistent inverse map,
r5_final_inverse_map_complete_2026-08-31,har,lgbm,1,joint_high_stress,LIME,0.1,0.5,300,100,561,661,11.753473042044789,0.9744444444444444,0.2185417499858886,0.12980341637113738,0.8815628106359512,0.8076146901301365,0.5201465201465202,0.7812696440405339,0.36085389757912373,0.5811965811965812,lime.lime_tabular.LimeTabularExplainer,
r5_final_inverse_map_complete_2026-08-31,har,lgbm,1,joint_high_stress,SHAP_TreeSHAP,0.1,0.5,300,100,561,661,11.753473042044789,0.9744444444444444,0.007240292034111917,0.09281542700448775,0.9107961071018291,0.9123017201334676,0.6177156177156177,0.9977198175683193,0.9746630622859537,0.8181818181818182,LightGBM native TreeSHAP pred_contrib=True,
