pipeline_version,experiment_mode,subset,metric,role,direction,n_repeated_pairs,n_condition_clusters,HRA_mean,RidgeAIME_mean,HRA_minus_Ridge_cluster_mean,CI95_low,CI95_high,median_cluster_difference,wilcoxon_p_on_cluster_means
r5_final_inverse_map_complete_2026-08-31,end_to_end_original_stress,all_outlier_present,clean_target_reconstruction_r2,clean-target inverse reconstruction,higher is better,162,54,0.28162710386038753,0.2525973759813523,0.029029727879035197,0.023388290459566734,0.03537495418550294,0.024025915663221244,1.6256984569330967e-10
r5_final_inverse_map_complete_2026-08-31,end_to_end_original_stress,all_outlier_present,clean_target_reconstruction_cosine,clean-target inverse reconstruction,higher is better,162,54,0.49905216122921753,0.47614926932986895,0.022902891899348618,0.018631279617082386,0.027412357870328218,0.016951158622079084,1.6256984569330967e-10
r5_final_inverse_map_complete_2026-08-31,end_to_end_original_stress,all_outlier_present,operator_cosine_flat,clean-reference operator recovery,higher is better,162,54,0.9873175712504264,0.9392627614914062,0.04805480975902005,0.03587436899026696,0.06143570164842959,0.02801477343816392,1.6256984569330967e-10
r5_final_inverse_map_complete_2026-08-31,end_to_end_original_stress,all_outlier_present,operator_spearman_global,clean-reference operator recovery,higher is better,162,54,0.9504336416956204,0.8687398682213823,0.08169377347423808,0.06216910286506481,0.10339322903801501,0.05235014070637754,8.077834449121765e-10
r5_final_inverse_map_complete_2026-08-31,end_to_end_original_stress,all_outlier_present,operator_topk_jaccard,clean-reference operator recovery,higher is better,162,54,0.6913687331070659,0.47880785651683483,0.212560876590231,0.1753135246008053,0.24920318886607157,0.22940022940022947,4.934587223354915e-10
r5_final_inverse_map_complete_2026-08-31,end_to_end_original_stress,all_outlier_present,bootstrap_cosine_flat,self-consistency/stability,higher is better,162,54,0.9711964938400606,0.9370338488874229,0.03416264495263759,0.02763378125248902,0.041090600577486536,0.02819646582354161,1.6256984569330967e-10
r5_final_inverse_map_complete_2026-08-31,end_to_end_original_stress,all_outlier_present,irrelevant_decoy_mass_ratio,irrelevant-decoy attribution,lower is better,162,54,0.015694064744696142,0.019585036659407452,-0.0038909719147113063,-0.0051230494141082964,-0.0027567311963394956,-0.0032483570423481145,1.905938443725721e-09
r5_final_inverse_map_complete_2026-08-31,end_to_end_original_stress,all_outlier_present,irrelevant_decoy_topk_infiltration,irrelevant-decoy attribution,lower is better,162,54,0.006584362139917697,0.023868312757201644,-0.017283950617283952,-0.02592592592592593,-0.009465020576131689,0.0,0.0002254542492507092
r5_final_inverse_map_complete_2026-08-31,end_to_end_original_stress,all_outlier_present,clone_mass_ratio,correlated-clone attribution redistribution,descriptive,162,54,0.1559813428886766,0.15693520408818806,-0.0009538611995114437,-0.002912335263829488,0.0010494392721283313,0.0,0.3458678890150303
r5_final_inverse_map_complete_2026-08-31,end_to_end_original_stress,all_outlier_present,clone_topk_infiltration,correlated-clone attribution redistribution,descriptive,162,54,0.09760435038212815,0.0986713697824809,-0.001067019400352735,-0.007335501175778953,0.004986845972957081,0.0,0.6304027648002162
r5_final_inverse_map_complete_2026-08-31,end_to_end_original_stress,all_outlier_present,log10_cond_reg,conditioning diagnostic,lower is better,162,54,0.33391871252846494,0.31909724981280757,0.014821462715657365,0.007326932991087666,0.023034416023453387,0.010044787331344954,0.0002939244073295942
r5_final_inverse_map_complete_2026-08-31,end_to_end_original_stress,all_outlier_present,log10_coef_norm,regularization diagnostic,diagnostic only,162,54,1.0211151001698784,1.0602110062187804,-0.03909590604890201,-0.049040188157940395,-0.029680539424489866,-0.02281915597596653,6.498805474855472e-10
r5_final_inverse_map_complete_2026-08-31,end_to_end_original_stress,outlier_rate=0.05,clean_target_reconstruction_r2,clean-target inverse reconstruction,higher is better,81,27,0.2763757062306979,0.2570505291948516,0.019325177035846366,0.01471426265759619,0.02427818458057855,0.01485266459418418,1.4901161193847656e-08
r5_final_inverse_map_complete_2026-08-31,end_to_end_original_stress,outlier_rate=0.05,clean_target_reconstruction_cosine,clean-target inverse reconstruction,higher is better,81,27,0.4919409299484866,0.474706548740497,0.017234381207989532,0.012805047522474591,0.022040398824211094,0.01308781780006337,1.4901161193847656e-08
r5_final_inverse_map_complete_2026-08-31,end_to_end_original_stress,outlier_rate=0.05,operator_cosine_flat,clean-reference operator recovery,higher is better,81,27,0.9894110389815673,0.9536291608223344,0.03578187815923274,0.023112194923030367,0.050193576413619566,0.024721411272950872,1.4901161193847656e-08
r5_final_inverse_map_complete_2026-08-31,end_to_end_original_stress,outlier_rate=0.05,operator_spearman_global,clean-reference operator recovery,higher is better,81,27,0.9585280174947823,0.9018730844174876,0.05665493307729477,0.03827210985486523,0.07670438037175135,0.03604004449388213,6.407499313354492e-07
r5_final_inverse_map_complete_2026-08-31,end_to_end_original_stress,outlier_rate=0.05,operator_topk_jaccard,clean-reference operator recovery,higher is better,81,27,0.7225632029553598,0.5190171057904116,0.2035460971649482,0.14441344219680993,0.26004166982265825,0.240981240981241,2.8971218535110975e-05
r5_final_inverse_map_complete_2026-08-31,end_to_end_original_stress,outlier_rate=0.05,bootstrap_cosine_flat,self-consistency/stability,higher is better,81,27,0.9717715860504744,0.9446823248798882,0.027089261170586024,0.020096189858288135,0.03443401883079167,0.0222724916247324,1.4901161193847656e-08
r5_final_inverse_map_complete_2026-08-31,end_to_end_original_stress,outlier_rate=0.05,irrelevant_decoy_mass_ratio,irrelevant-decoy attribution,lower is better,81,27,0.015043494989337118,0.01918814126623946,-0.004144646276902344,-0.006041892935792602,-0.0025012690941656024,-0.0034536503409190174,6.407499313354492e-07
r5_final_inverse_map_complete_2026-08-31,end_to_end_original_stress,outlier_rate=0.05,irrelevant_decoy_topk_infiltration,irrelevant-decoy attribution,lower is better,81,27,0.0024691358024691358,0.023045267489711935,-0.0205761316872428,-0.034567901234567905,-0.00823045267489712,0.0,0.011513828076845417
r5_final_inverse_map_complete_2026-08-31,end_to_end_original_stress,outlier_rate=0.05,clone_mass_ratio,correlated-clone attribution redistribution,descriptive,81,27,0.15041259882301067,0.15166668115295034,-0.0012540823299396736,-0.003600813051186961,0.0008130262777354963,0.0,0.44598168917699166
r5_final_inverse_map_complete_2026-08-31,end_to_end_original_stress,outlier_rate=0.05,clone_topk_infiltration,correlated-clone attribution redistribution,descriptive,81,27,0.0851793062904174,0.08226337448559672,0.002915931804820692,-0.005464506172839508,0.011763815402704289,0.0,0.6598746551418473
r5_final_inverse_map_complete_2026-08-31,end_to_end_original_stress,outlier_rate=0.05,log10_cond_reg,conditioning diagnostic,lower is better,81,27,0.3164001399037834,0.30302467126498317,0.013375468638800169,0.006704634658908875,0.020069269079067465,0.011905791839610666,0.0004787445068359375
r5_final_inverse_map_complete_2026-08-31,end_to_end_original_stress,outlier_rate=0.05,log10_coef_norm,regularization diagnostic,diagnostic only,81,27,1.0084580809739045,1.0404332453074265,-0.03197516433352188,-0.043047842559184514,-0.022268478688531584,-0.02046887555528465,1.4901161193847656e-08
r5_final_inverse_map_complete_2026-08-31,end_to_end_original_stress,outlier_rate=0.10,clean_target_reconstruction_r2,clean-target inverse reconstruction,higher is better,81,27,0.2868785014900771,0.24814422276785306,0.03873427872222402,0.02957286372879261,0.04873429495319319,0.02844142529223918,1.4901161193847656e-08
r5_final_inverse_map_complete_2026-08-31,end_to_end_original_stress,outlier_rate=0.10,clean_target_reconstruction_cosine,clean-target inverse reconstruction,higher is better,81,27,0.5061633925099486,0.47759198991924084,0.02857140259070771,0.021869365701399322,0.0355940446293997,0.02845108041712203,1.4901161193847656e-08
r5_final_inverse_map_complete_2026-08-31,end_to_end_original_stress,outlier_rate=0.10,operator_cosine_flat,clean-reference operator recovery,higher is better,81,27,0.9852241035192855,0.924896362160478,0.060327741358807356,0.0412013503389074,0.08253337034999977,0.04656268280136422,1.4901161193847656e-08
r5_final_inverse_map_complete_2026-08-31,end_to_end_original_stress,outlier_rate=0.10,operator_spearman_global,clean-reference operator recovery,higher is better,81,27,0.9423392658964583,0.8356066520252771,0.10673261387118138,0.07452197263485939,0.14304783192286602,0.07659481343691872,2.086162567138672e-07
r5_final_inverse_map_complete_2026-08-31,end_to_end_original_stress,outlier_rate=0.10,operator_topk_jaccard,clean-reference operator recovery,higher is better,81,27,0.6601742632587719,0.43859860724325817,0.22157565601551385,0.17452952894846027,0.271714474009939,0.2231102231102232,2.9802322387695312e-08
r5_final_inverse_map_complete_2026-08-31,end_to_end_original_stress,outlier_rate=0.10,bootstrap_cosine_flat,self-consistency/stability,higher is better,81,27,0.9706214016296467,0.9293853728949575,0.04123602873468917,0.03092777206937585,0.05253387186062059,0.03524590631782002,1.4901161193847656e-08
r5_final_inverse_map_complete_2026-08-31,end_to_end_original_stress,outlier_rate=0.10,irrelevant_decoy_mass_ratio,irrelevant-decoy attribution,lower is better,81,27,0.016344634500055168,0.019981932052575438,-0.0036372975525202685,-0.005221528800324924,-0.002140281811947446,-0.0030194158819707596,1.6391277313232422e-06
r5_final_inverse_map_complete_2026-08-31,end_to_end_original_stress,outlier_rate=0.10,irrelevant_decoy_topk_infiltration,irrelevant-decoy attribution,lower is better,81,27,0.010699588477366255,0.024691358024691357,-0.013991769547325105,-0.023868312757201648,-0.005761316872427984,0.0,0.007474737075047493
r5_final_inverse_map_complete_2026-08-31,end_to_end_original_stress,outlier_rate=0.10,clone_mass_ratio,correlated-clone attribution redistribution,descriptive,81,27,0.16155008695434253,0.16220372702342578,-0.0006536400690832134,-0.003774146188297629,0.002615865715641988,0.0,0.49965637964334186
r5_final_inverse_map_complete_2026-08-31,end_to_end_original_stress,outlier_rate=0.10,clone_topk_infiltration,correlated-clone attribution redistribution,descriptive,81,27,0.11002939447383892,0.11507936507936507,-0.005049970605526161,-0.013971707818930037,0.002969503233392111,0.0,0.22076555137346388
r5_final_inverse_map_complete_2026-08-31,end_to_end_original_stress,outlier_rate=0.10,log10_cond_reg,conditioning diagnostic,lower is better,81,27,0.35143728515314643,0.33516982836063186,0.01626745679251456,0.003183144615280419,0.03063362457219219,0.004369506385197536,0.07722577452659607
r5_final_inverse_map_complete_2026-08-31,end_to_end_original_stress,outlier_rate=0.10,log10_coef_norm,regularization diagnostic,diagnostic only,81,27,1.033772119365852,1.0799887671301343,-0.046216647764282144,-0.0624508110807035,-0.030998264189738105,-0.03137135871693294,8.195638656616211e-07
r5_final_inverse_map_complete_2026-08-31,end_to_end_original_stress,joint_high_stress,clean_target_reconstruction_r2,clean-target inverse reconstruction,higher is better,27,9,0.2925379896800651,0.25803293865824883,0.03450505102181631,0.01988486223095494,0.052362136173517454,0.027589272921362373,0.00390625
r5_final_inverse_map_complete_2026-08-31,end_to_end_original_stress,joint_high_stress,clean_target_reconstruction_cosine,clean-target inverse reconstruction,higher is better,27,9,0.5128775210917295,0.48955472259973554,0.023322798491993823,0.013732878431178553,0.033534427437925285,0.016917451414623936,0.00390625
r5_final_inverse_map_complete_2026-08-31,end_to_end_original_stress,joint_high_stress,operator_cosine_flat,clean-reference operator recovery,higher is better,27,9,0.9878133029021297,0.9409645125637405,0.046848790338388874,0.0248127455704744,0.0715268222977466,0.04656268280136422,0.00390625
r5_final_inverse_map_complete_2026-08-31,end_to_end_original_stress,joint_high_stress,operator_spearman_global,clean-reference operator recovery,higher is better,27,9,0.9475604280124323,0.8636391220380096,0.08392130597442285,0.045317182421180144,0.12326098338562803,0.07414456816406256,0.0078125
r5_final_inverse_map_complete_2026-08-31,end_to_end_original_stress,joint_high_stress,operator_topk_jaccard,clean-reference operator recovery,higher is better,27,9,0.6334210292758625,0.44928239338284054,0.18413863589302185,0.09957539816500943,0.2722927392238536,0.1933621933621934,0.0078125
r5_final_inverse_map_complete_2026-08-31,end_to_end_original_stress,joint_high_stress,bootstrap_cosine_flat,self-consistency/stability,higher is better,27,9,0.9753264292971638,0.9382647823228001,0.03706164697436374,0.022618529083384624,0.051930849706272264,0.03524590631782002,0.00390625
r5_final_inverse_map_complete_2026-08-31,end_to_end_original_stress,joint_high_stress,irrelevant_decoy_mass_ratio,irrelevant-decoy attribution,lower is better,27,9,0.013430245420421396,0.016161819543199143,-0.0027315741227777438,-0.004448443156519391,-0.0011904361330097042,-0.0025555064557456694,0.00390625
r5_final_inverse_map_complete_2026-08-31,end_to_end_original_stress,joint_high_stress,irrelevant_decoy_topk_infiltration,irrelevant-decoy attribution,lower is better,27,9,0.012345679012345678,0.019753086419753086,-0.007407407407407408,-0.019753086419753086,0.0049382716049382715,0.0,0.5
r5_final_inverse_map_complete_2026-08-31,end_to_end_original_stress,joint_high_stress,clone_mass_ratio,correlated-clone attribution redistribution,descriptive,27,9,0.30405166233877834,0.29929637194622816,0.004755290392550203,0.0003540453082962415,0.011093022923351592,0.0013803556676763955,0.1640625
r5_final_inverse_map_complete_2026-08-31,end_to_end_original_stress,joint_high_stress,clone_topk_infiltration,correlated-clone attribution redistribution,descriptive,27,9,0.14786596119929452,0.15634920634920635,-0.008483245149911816,-0.025061728395061725,0.003527336860670194,0.0,0.4375
r5_final_inverse_map_complete_2026-08-31,end_to_end_original_stress,joint_high_stress,log10_cond_reg,conditioning diagnostic,lower is better,27,9,0.3231976419384814,0.3079217074676464,0.015275934470834961,-0.004389959760066335,0.03629390644985752,0.004369506385197536,0.30078125
r5_final_inverse_map_complete_2026-08-31,end_to_end_original_stress,joint_high_stress,log10_coef_norm,regularization diagnostic,diagnostic only,27,9,1.0691520039522664,1.1118218139927027,-0.04266981004043629,-0.07643357943750438,-0.01358274071344671,-0.02088920379413221,0.02734375
r5_final_inverse_map_complete_2026-08-31,fixed_black_box_contamination,all_outlier_present,clean_target_reconstruction_r2,clean-target inverse reconstruction,higher is better,270,54,0.27065005897871003,0.24293380375384235,0.02771625522486764,0.024211030835838733,0.031619844483418716,0.024814091244657867,1.6256984569330967e-10
r5_final_inverse_map_complete_2026-08-31,fixed_black_box_contamination,all_outlier_present,clean_target_reconstruction_cosine,clean-target inverse reconstruction,higher is better,270,54,0.48549339775323,0.46242533210164827,0.023068065651581846,0.01974281782150485,0.02653550455635398,0.01801688927767292,1.6256984569330967e-10
r5_final_inverse_map_complete_2026-08-31,fixed_black_box_contamination,all_outlier_present,operator_cosine_flat,clean-reference operator recovery,higher is better,270,54,0.9892498301833093,0.9349337048341306,0.05431612534917871,0.04145002959318269,0.0680318539517229,0.030401184355477895,1.6256984569330967e-10
r5_final_inverse_map_complete_2026-08-31,fixed_black_box_contamination,all_outlier_present,operator_spearman_global,clean-reference operator recovery,higher is better,270,54,0.9534496746959354,0.8556165766874246,0.09783309800851088,0.07666006685418283,0.12049403690573864,0.06354482861011848,1.6256984569330967e-10
r5_final_inverse_map_complete_2026-08-31,fixed_black_box_contamination,all_outlier_present,operator_topk_jaccard,clean-reference operator recovery,higher is better,270,54,0.6638790282581132,0.43355664039358566,0.23032238786452755,0.20120334202420548,0.25902759834605377,0.23116492210919454,3.0863627718669526e-10
r5_final_inverse_map_complete_2026-08-31,fixed_black_box_contamination,all_outlier_present,bootstrap_cosine_flat,self-consistency/stability,higher is better,270,54,0.9692281042155981,0.931463088950758,0.037765015264839975,0.03127063026778909,0.04466403092907705,0.02608117926422099,1.6256984569330967e-10
r5_final_inverse_map_complete_2026-08-31,fixed_black_box_contamination,all_outlier_present,irrelevant_decoy_mass_ratio,irrelevant-decoy attribution,lower is better,270,54,0.016652136114433055,0.019844566123466703,-0.0031924300090336467,-0.004059650220840893,-0.002360543002905458,-0.002811781746276415,2.0353988261597178e-10
r5_final_inverse_map_complete_2026-08-31,fixed_black_box_contamination,all_outlier_present,irrelevant_decoy_topk_infiltration,irrelevant-decoy attribution,lower is better,270,54,0.007160493827160494,0.025925925925925925,-0.01876543209876543,-0.026666666666666665,-0.011358024691358026,0.0,5.511143549513056e-05
r5_final_inverse_map_complete_2026-08-31,fixed_black_box_contamination,all_outlier_present,clone_mass_ratio,correlated-clone attribution redistribution,descriptive,270,54,0.14774451552196552,0.14795807967785812,-0.00021356415589256762,-0.0015995402254055328,0.0010017685130606273,0.0,0.7894077402776654
r5_final_inverse_map_complete_2026-08-31,fixed_black_box_contamination,all_outlier_present,clone_topk_infiltration,correlated-clone attribution redistribution,descriptive,270,54,0.0798968253968254,0.082484126984127,-0.0025873015873015873,-0.00803635361552028,0.0029718474426807745,0.0,0.08798418481808766
r5_final_inverse_map_complete_2026-08-31,fixed_black_box_contamination,all_outlier_present,log10_cond_reg,conditioning diagnostic,lower is better,270,54,0.2744846680723384,0.263723593019018,0.010761075053320381,0.007980176483430234,0.01342969212325678,0.012400554559254498,7.94069908729539e-08
r5_final_inverse_map_complete_2026-08-31,fixed_black_box_contamination,all_outlier_present,log10_coef_norm,regularization diagnostic,diagnostic only,270,54,0.9834666724741827,1.021903342499162,-0.038436670024979386,-0.045960514772596356,-0.03161592804871566,-0.027816854442613503,1.6256984569330967e-10
r5_final_inverse_map_complete_2026-08-31,fixed_black_box_contamination,outlier_rate=0.05,clean_target_reconstruction_r2,clean-target inverse reconstruction,higher is better,135,27,0.26959019056546607,0.25126975580134164,0.0183204347641245,0.016333500418711823,0.020416847695354127,0.018282031845153934,1.4901161193847656e-08
r5_final_inverse_map_complete_2026-08-31,fixed_black_box_contamination,outlier_rate=0.05,clean_target_reconstruction_cosine,clean-target inverse reconstruction,higher is better,135,27,0.4845852421216155,0.46805390923796897,0.016531332883646603,0.013500768979475865,0.01984015676202506,0.014738176706611672,1.4901161193847656e-08
r5_final_inverse_map_complete_2026-08-31,fixed_black_box_contamination,outlier_rate=0.05,operator_cosine_flat,clean-reference operator recovery,higher is better,135,27,0.9908075216922746,0.9537298017414889,0.037077719950785876,0.024515169067685295,0.050659117865727285,0.01723040716114239,1.4901161193847656e-08
r5_final_inverse_map_complete_2026-08-31,fixed_black_box_contamination,outlier_rate=0.05,operator_spearman_global,clean-reference operator recovery,higher is better,135,27,0.9584582303273014,0.8938625368433122,0.06459569348398905,0.044783964563612146,0.08778901025071222,0.033815350389321416,1.4901161193847656e-08
r5_final_inverse_map_complete_2026-08-31,fixed_black_box_contamination,outlier_rate=0.05,operator_topk_jaccard,clean-reference operator recovery,higher is better,135,27,0.6885068816441366,0.47585184248410944,0.2126550391600271,0.16319325704172633,0.26078754799902026,0.2171994671994672,1.249286130864847e-05
r5_final_inverse_map_complete_2026-08-31,fixed_black_box_contamination,outlier_rate=0.05,bootstrap_cosine_flat,self-consistency/stability,higher is better,135,27,0.9705216044800324,0.9425266931171429,0.02799491136288961,0.021012016176183045,0.03551588802344044,0.017616831305814616,1.4901161193847656e-08
r5_final_inverse_map_complete_2026-08-31,fixed_black_box_contamination,outlier_rate=0.05,irrelevant_decoy_mass_ratio,irrelevant-decoy attribution,lower is better,135,27,0.015800051071961824,0.018296372983140095,-0.002496321911178275,-0.0035591962330519954,-0.0015882915769939478,-0.0021457942193458808,1.4901161193847656e-08
r5_final_inverse_map_complete_2026-08-31,fixed_black_box_contamination,outlier_rate=0.05,irrelevant_decoy_topk_infiltration,irrelevant-decoy attribution,lower is better,135,27,0.0064197530864197536,0.021728395061728398,-0.015308641975308642,-0.025185185185185182,-0.0064197530864197536,0.0,0.006956476135331761
r5_final_inverse_map_complete_2026-08-31,fixed_black_box_contamination,outlier_rate=0.05,clone_mass_ratio,correlated-clone attribution redistribution,descriptive,135,27,0.14731105027501873,0.148430992025454,-0.0011199417504353052,-0.003250653853801907,0.00043514291260450625,0.0,0.34910194464272437
r5_final_inverse_map_complete_2026-08-31,fixed_black_box_contamination,outlier_rate=0.05,clone_topk_infiltration,correlated-clone attribution redistribution,descriptive,135,27,0.07842328042328042,0.08536684303350969,-0.006943562610229277,-0.015677469135802466,0.000843077601410934,-0.001999999999999999,0.02301506707475493
r5_final_inverse_map_complete_2026-08-31,fixed_black_box_contamination,outlier_rate=0.05,log10_cond_reg,conditioning diagnostic,lower is better,135,27,0.27453981383043485,0.2648443733157909,0.009695440514643945,0.006299200099003067,0.012945556100413163,0.010664879568637809,1.5929341316223145e-05
r5_final_inverse_map_complete_2026-08-31,fixed_black_box_contamination,outlier_rate=0.05,log10_coef_norm,regularization diagnostic,diagnostic only,135,27,0.982478299165427,1.011714836425222,-0.0292365372597952,-0.03616838417627784,-0.02290958302806812,-0.024751026307066583,1.4901161193847656e-08
r5_final_inverse_map_complete_2026-08-31,fixed_black_box_contamination,outlier_rate=0.10,clean_target_reconstruction_r2,clean-target inverse reconstruction,higher is better,135,27,0.2717099273919538,0.23459785170634306,0.037112075685610785,0.03233047363490618,0.0423716642492253,0.03308822245531355,1.4901161193847656e-08
r5_final_inverse_map_complete_2026-08-31,fixed_black_box_contamination,outlier_rate=0.10,clean_target_reconstruction_cosine,clean-target inverse reconstruction,higher is better,135,27,0.48640155338484453,0.45679675496532746,0.029604798419517093,0.024815273058701265,0.034660036686360474,0.025591893749446416,1.4901161193847656e-08
r5_final_inverse_map_complete_2026-08-31,fixed_black_box_contamination,outlier_rate=0.10,operator_cosine_flat,clean-reference operator recovery,higher is better,135,27,0.9876921386743444,0.9161376079267726,0.07155453074757152,0.051678809531995426,0.09334243172534316,0.040987756867223626,1.4901161193847656e-08
r5_final_inverse_map_complete_2026-08-31,fixed_black_box_contamination,outlier_rate=0.10,operator_spearman_global,clean-reference operator recovery,higher is better,135,27,0.9484411190645697,0.817370616531537,0.13107050253303265,0.09829144023147936,0.16584336326244634,0.10977602108036888,1.4901161193847656e-08
r5_final_inverse_map_complete_2026-08-31,fixed_black_box_contamination,outlier_rate=0.10,operator_topk_jaccard,clean-reference operator recovery,higher is better,135,27,0.63925117487209,0.391261438303062,0.24798973656902792,0.21926625456682217,0.277227970258156,0.23542585725248263,1.4901161193847656e-08
r5_final_inverse_map_complete_2026-08-31,fixed_black_box_contamination,outlier_rate=0.10,bootstrap_cosine_flat,self-consistency/stability,higher is better,135,27,0.9679346039511634,0.9203994847843733,0.047535119166790325,0.0378579739413511,0.05783122284804645,0.03719044519069237,1.4901161193847656e-08
r5_final_inverse_map_complete_2026-08-31,fixed_black_box_contamination,outlier_rate=0.10,irrelevant_decoy_mass_ratio,irrelevant-decoy attribution,lower is better,135,27,0.017504221156904285,0.021392759263793304,-0.0038885381068890184,-0.0052526293640934914,-0.0026110143112210225,-0.00323246482191226,4.470348358154297e-08
r5_final_inverse_map_complete_2026-08-31,fixed_black_box_contamination,outlier_rate=0.10,irrelevant_decoy_topk_infiltration,irrelevant-decoy attribution,lower is better,135,27,0.007901234567901236,0.030123456790123456,-0.022222222222222227,-0.03506172839506173,-0.010864197530864197,0.0,0.0021572604979440565
r5_final_inverse_map_complete_2026-08-31,fixed_black_box_contamination,outlier_rate=0.10,clone_mass_ratio,correlated-clone attribution redistribution,descriptive,135,27,0.14817798076891237,0.14748516733026218,0.0006928134386501701,-0.0010675143862247144,0.0024077639424163687,0.0,0.21453736472050733
r5_final_inverse_map_complete_2026-08-31,fixed_black_box_contamination,outlier_rate=0.10,clone_topk_infiltration,correlated-clone attribution redistribution,descriptive,135,27,0.08137037037037037,0.07960141093474427,0.0017689594356261019,-0.004839506172839504,0.009090167548500878,0.0,0.875138580080403
r5_final_inverse_map_complete_2026-08-31,fixed_black_box_contamination,outlier_rate=0.10,log10_cond_reg,conditioning diagnostic,lower is better,135,27,0.2744295223142419,0.2626028127222451,0.011826709591996823,0.00754479119801577,0.016090149186506166,0.012615824121013702,5.488097667694092e-05
r5_final_inverse_map_complete_2026-08-31,fixed_black_box_contamination,outlier_rate=0.10,log10_coef_norm,regularization diagnostic,diagnostic only,135,27,0.9844550457829385,1.032091848573102,-0.0476368027901636,-0.059557582786038614,-0.03615823096906962,-0.04313296316620916,1.4901161193847656e-08
r5_final_inverse_map_complete_2026-08-31,fixed_black_box_contamination,joint_high_stress,clean_target_reconstruction_r2,clean-target inverse reconstruction,higher is better,45,9,0.26849269837636236,0.22800363503625634,0.040489063340105914,0.029471929127707783,0.052367479091561205,0.03308822245531355,0.00390625
r5_final_inverse_map_complete_2026-08-31,fixed_black_box_contamination,joint_high_stress,clean_target_reconstruction_cosine,clean-target inverse reconstruction,higher is better,45,9,0.48321304753127364,0.45198568331325617,0.03122736421801736,0.021316460201091774,0.04286806008921737,0.02498424300054771,0.00390625
r5_final_inverse_map_complete_2026-08-31,fixed_black_box_contamination,joint_high_stress,operator_cosine_flat,clean-reference operator recovery,higher is better,45,9,0.9878941612252774,0.9179090205291702,0.06998514069610712,0.03751976506272181,0.10746553743794326,0.03620754925081158,0.00390625
r5_final_inverse_map_complete_2026-08-31,fixed_black_box_contamination,joint_high_stress,operator_spearman_global,clean-reference operator recovery,higher is better,45,9,0.9500432721843572,0.8191781658380552,0.13086510634630213,0.07287289117796553,0.2000178751752968,0.10977602108036888,0.00390625
r5_final_inverse_map_complete_2026-08-31,fixed_black_box_contamination,joint_high_stress,operator_topk_jaccard,clean-reference operator recovery,higher is better,45,9,0.6017755664814487,0.3690998792133984,0.2326756872680505,0.18351091728284713,0.28088123129402803,0.22132867132867134,0.00390625
r5_final_inverse_map_complete_2026-08-31,fixed_black_box_contamination,joint_high_stress,bootstrap_cosine_flat,self-consistency/stability,higher is better,45,9,0.9677313828916508,0.9204795068229717,0.04725187606867949,0.03013625838261016,0.06597029511083602,0.03719044519069237,0.00390625
r5_final_inverse_map_complete_2026-08-31,fixed_black_box_contamination,joint_high_stress,irrelevant_decoy_mass_ratio,irrelevant-decoy attribution,lower is better,45,9,0.015177566558916484,0.01776330363846137,-0.002585737079544885,-0.0040777465203240375,-0.001222423436707433,-0.0027781930196330708,0.0078125
r5_final_inverse_map_complete_2026-08-31,fixed_black_box_contamination,joint_high_stress,irrelevant_decoy_topk_infiltration,irrelevant-decoy attribution,lower is better,45,9,0.0074074074074074086,0.01925925925925926,-0.011851851851851851,-0.023703703703703703,-0.002962962962962963,0.0,0.125
r5_final_inverse_map_complete_2026-08-31,fixed_black_box_contamination,joint_high_stress,clone_mass_ratio,correlated-clone attribution redistribution,descriptive,45,9,0.26238513189427454,0.26198573878341747,0.000399393110856981,-0.004116574890942106,0.004120564768699509,0.0006273240345325504,0.42578125
r5_final_inverse_map_complete_2026-08-31,fixed_black_box_contamination,joint_high_stress,clone_topk_infiltration,correlated-clone attribution redistribution,descriptive,45,9,0.09844444444444443,0.10147089947089945,-0.003026455026455026,-0.013386243386243385,0.009925925925925927,-0.002,0.4375
r5_final_inverse_map_complete_2026-08-31,fixed_black_box_contamination,joint_high_stress,log10_cond_reg,conditioning diagnostic,lower is better,45,9,0.27161624554052494,0.2601313485879299,0.011484896952594928,0.004271978225214323,0.017733597727992385,0.013866736945400299,0.02734375
r5_final_inverse_map_complete_2026-08-31,fixed_black_box_contamination,joint_high_stress,log10_coef_norm,regularization diagnostic,diagnostic only,45,9,1.0125633231807833,1.060346167998383,-0.04778284481759982,-0.0691271476748762,-0.02787203482600241,-0.04313296316620916,0.00390625
