pipeline_version,method,ridge_lambda,huber_delta,log10_cond_reg__mean,log10_cond_reg__std,log10_cond_reg__count,log10_coef_norm__mean,log10_coef_norm__std,log10_coef_norm__count,clean_target_reconstruction_r2__mean,clean_target_reconstruction_r2__std,clean_target_reconstruction_r2__count,clean_target_reconstruction_cosine__mean,clean_target_reconstruction_cosine__std,clean_target_reconstruction_cosine__count,operator_cosine_flat__mean,operator_cosine_flat__std,operator_cosine_flat__count,clone_mass_ratio__mean,clone_mass_ratio__std,clone_mass_ratio__count,clone_topk_infiltration__mean,clone_topk_infiltration__std,clone_topk_infiltration__count,irrelevant_decoy_mass_ratio__mean,irrelevant_decoy_mass_ratio__std,irrelevant_decoy_mass_ratio__count,irrelevant_decoy_topk_infiltration__mean,irrelevant_decoy_topk_infiltration__std,irrelevant_decoy_topk_infiltration__count,outlier_weight_ap__mean,outlier_weight_ap__std,outlier_weight_ap__count,bootstrap_cosine_flat__mean,bootstrap_cosine_flat__std,bootstrap_cosine_flat__count,frac_downweighted__mean,frac_downweighted__std,frac_downweighted__count
r5_final_inverse_map_complete_2026-08-31,HuberRidgeAIME,0.0,0.5,0.3436004182290481,0.13438051167969148,27,1.0233582609207301,0.4680133963055663,27,0.28309539636091036,0.20028813929913952,27,0.4942137648012718,0.22129233788336553,27,0.9815010064443599,0.019470165966702167,27,0.27018083337555565,0.09630361630711283,27,0.10343915343915343,0.09043746359663102,27,0.013836705815612986,0.011854309764582217,27,0.007407407407407408,0.02824395152454411,27,0.9700083147594388,0.03446848103722681,27,0.9705387480755049,0.032158491875624196,27,0.8011360099595394,0.12214885278260612,27
r5_final_inverse_map_complete_2026-08-31,HuberRidgeAIME,0.0,1.0,0.2754901460382074,0.15182683770937078,27,1.028919388133219,0.4693511063442606,27,0.2849858118816973,0.20027254426603466,27,0.4961847053516053,0.22073111135202642,27,0.9892126036010326,0.011905191157165014,27,0.27152486485709854,0.09675844229282038,27,0.1165079365079365,0.09798510834930131,27,0.014861508432973285,0.012860346784897255,27,0.0049382716049382715,0.025660011963983365,27,0.9707142738238846,0.034344254020154674,27,0.9695886788841146,0.03246163505945235,27,0.20560958951481825,0.04288248317855056,27
r5_final_inverse_map_complete_2026-08-31,HuberRidgeAIME,0.0,2.0,0.26644495291084025,0.15603287441734573,27,1.0415588610223638,0.4658819823986595,27,0.28144625992638267,0.20145500433990987,27,0.49232385410755,0.22308497007515385,27,0.9826309043064634,0.019049543429117886,27,0.2711443392249188,0.09541649960549044,27,0.11051146384479717,0.09989318610116649,27,0.017114426598428347,0.014732299306576551,27,0.019753086419753086,0.04826853238643276,27,0.932237865350457,0.0781738304594867,27,0.9608185538420554,0.03866526903769239,27,0.1038299270325414,0.014012710114786452,27
r5_final_inverse_map_complete_2026-08-31,HuberRidgeAIME,1e-06,0.5,0.34360040716120205,0.1343805035355643,27,1.0233582432628323,0.46801340164139155,27,0.28309539601606926,0.20028813863111625,27,0.49421376418296353,0.2212923380033306,27,0.9815010058551137,0.019470166173062152,27,0.2701808333211297,0.09630361619370917,27,0.10343915343915343,0.09043746359663102,27,0.013836705901252003,0.011854309827424398,27,0.007407407407407408,0.02824395152454411,27,0.9700083147594388,0.03446848103722681,27,0.97053874797359,0.03215849194176354,27,0.8011360099595394,0.12214885278260612,27
r5_final_inverse_map_complete_2026-08-31,HuberRidgeAIME,1e-06,1.0,0.2754901396977518,0.15182683089994733,27,1.0289193762304323,0.4693511096597276,27,0.28498581190833233,0.20027254398068384,27,0.4961847051497337,0.22073111145248211,27,0.9892126034812976,0.011905191258582274,27,0.27152486484492017,0.09675844225184813,27,0.1165079365079365,0.09798510834930131,27,0.014861508493780515,0.012860346823837542,27,0.0049382716049382715,0.025660011963983365,27,0.9707142738238846,0.034344254020154674,27,0.9695886787078374,0.03246163521112481,27,0.20560958951481825,0.04288248317855056,27
r5_final_inverse_map_complete_2026-08-31,HuberRidgeAIME,1e-06,2.0,0.2664449468422052,0.1560328678231151,27,1.0415588500187645,0.46588198543155096,27,0.28144626035850534,0.20145500412598075,27,0.4923238539287454,0.22308497023143614,27,0.9826309041905075,0.019049543550399894,27,0.2711443392227497,0.09541649958077868,27,0.11051146384479717,0.09989318610116649,27,0.01711442665375333,0.014732299349805099,27,0.019753086419753086,0.04826853238643276,27,0.932237865350457,0.0781738304594867,27,0.9608185536275895,0.038665269212122294,27,0.1038299270325414,0.014012710114786452,27
r5_final_inverse_map_complete_2026-08-31,HuberRidgeAIME,1e-05,0.5,0.3436003075506452,0.1343804302384869,27,1.0233580843418064,0.4680134496638126,27,0.28309539291244834,0.20028813261889514,27,0.4942137586181881,0.2212923390830161,27,0.981501000551897,0.019470168030301396,27,0.27018083283129707,0.09630361517307652,27,0.10343915343915343,0.09043746359663102,27,0.013836706672003032,0.011854310393003895,27,0.007407407407407408,0.02824395152454411,27,0.9700083147594388,0.03446848103722681,27,0.9705387470563558,0.03215849253701814,27,0.8011360099595394,0.12214885278260612,27
r5_final_inverse_map_complete_2026-08-31,HuberRidgeAIME,1e-05,1.0,0.2754900826336686,0.15182676961516442,27,1.028919269105374,0.4693511394989302,27,0.2849858121480212,0.20027254141251882,27,0.49618470333288794,0.2207311123565827,27,0.9892126024036831,0.011905192171337379,27,0.27152486473531456,0.09675844188309814,27,0.1165079365079365,0.09798510834930131,27,0.01486150904104547,0.01286034717430009,27,0.0049382716049382715,0.025660011963983365,27,0.9707142738238846,0.034344254020154674,27,0.9695886771213428,0.03246163657617626,27,0.20560958951481825,0.04288248317855056,27
r5_final_inverse_map_complete_2026-08-31,HuberRidgeAIME,1e-05,2.0,0.2664448922245061,0.15603280847506704,27,1.0415587509863882,0.46588201272757207,27,0.28144626424758507,0.20145500220061185,27,0.49232385231950343,0.22308497163797644,27,0.9826309031469036,0.019049544641937734,27,0.27114433920322817,0.09541649935837308,27,0.11051146384479717,0.09989318610116649,27,0.01711442715167813,0.01473229973886194,27,0.019753086419753086,0.04826853238643276,27,0.932237865350457,0.0781738304594867,27,0.9608185516973969,0.03866527078199162,27,0.1038299270325414,0.014012710114786452,27
r5_final_inverse_map_complete_2026-08-31,HuberRidgeAIME,0.0001,0.5,0.3435993114507302,0.13437969727442511,27,1.0233564951368939,0.4680139298875146,27,0.2830953618711851,0.2002880724955173,27,0.49421370297037553,0.22129234987981586,27,0.9815009475197125,0.01947018660265332,27,0.2701808279330705,0.09630360496681808,27,0.10343915343915343,0.09043746359663102,27,0.013836714379501016,0.011854316048785812,27,0.007407407407407408,0.02824395152454411,27,0.9700083147594388,0.03446848103722681,27,0.9705387378838892,0.03215849848959156,27,0.8011360099595394,0.12214885278260612,27
r5_final_inverse_map_complete_2026-08-31,HuberRidgeAIME,0.0001,1.0,0.27548951199452837,0.151826156770189,27,1.0289181978569757,0.46935143789086636,27,0.2849858145422935,0.20027251573009727,27,0.49618468516439296,0.22073112139756365,27,0.9892125916275387,0.0119052012988839,27,0.27152486363927086,0.09675843819561226,27,0.1165079365079365,0.09798510834930131,27,0.014861514513683614,0.012860350678921717,27,0.0049382716049382715,0.025660011963983365,27,0.9707142738238846,0.034344254020154674,27,0.9695886612563817,0.03246165022668899,27,0.20560958951481825,0.04288248317855056,27
r5_final_inverse_map_complete_2026-08-31,HuberRidgeAIME,0.0001,2.0,0.2664443460491351,0.15603221499733547,27,1.041557760664541,0.4658822856877035,27,0.28144630313595825,0.20145498294624617,27,0.492323836227058,0.22308498570335686,27,0.9826308927108699,0.019049555557310145,27,0.27114433900801405,0.09541649713432102,27,0.11051146384479717,0.09989318610116649,27,0.01711443213091913,0.014732303629425464,27,0.019753086419753086,0.04826853238643276,27,0.932237865350457,0.0781738304594867,27,0.9608185323954658,0.038665286480685894,27,0.1038299270325414,0.014012710114786452,27
r5_final_inverse_map_complete_2026-08-31,HuberRidgeAIME,0.001,0.5,0.3435893510168058,0.1343723683047798,27,1.0233406036224266,0.46801873207370837,27,0.2830950509532248,0.2002874711451049,27,0.4942131464863739,0.22129245784232135,27,0.9815004171959946,0.01947037232207449,27,0.2701807789607569,0.09630350291098559,27,0.10343915343915343,0.09043746359663102,27,0.013836791453250084,0.011854372605299333,27,0.007407407407407408,0.02824395152454411,27,0.9700083147594388,0.03446848103722681,27,0.9705386461468177,0.03215855801812244,27,0.8011360099595394,0.12214885278260612,27
r5_final_inverse_map_complete_2026-08-31,HuberRidgeAIME,0.001,1.0,0.2754838057723098,0.15182002860575208,27,1.0289074855915332,0.46935442180140863,27,0.28498583822342716,0.20027225882876593,27,0.49618450347564896,0.22073121180485616,27,0.9892124838662292,0.011905292573902293,27,0.271524852680014,0.09675840132212721,27,0.1165079365079365,0.09798510834930131,27,0.01486156923892678,0.012860385724754524,27,0.0049382716049382715,0.025660011963983365,27,0.9707142738238846,0.034344254020154674,27,0.9695885026053923,0.03246178673157507,27,0.20560958951481825,0.04288248317855056,27
r5_final_inverse_map_complete_2026-08-31,HuberRidgeAIME,0.001,2.0,0.2664388844574611,0.1560262804948847,27,1.0415478576374224,0.46588501528106335,27,0.2814466917773331,0.20145479033497057,27,0.4923236753000655,0.22308512635487274,27,0.9826307883510261,0.019049664710421042,27,0.2711443370560878,0.09541647489424099,27,0.11051146384479717,0.09989318610116649,27,0.017114481922633883,0.014732342534569237,27,0.019753086419753086,0.04826853238643276,27,0.932237865350457,0.0781738304594867,27,0.9608183393755466,0.03866544346777595,27,0.1038299270325414,0.014012710114786452,27
r5_final_inverse_map_complete_2026-08-31,HuberRidgeAIME,0.01,0.5,0.34348980313485017,0.1342991455755621,27,1.0231817418977005,0.46806674884105753,27,0.28309189133639734,0.20028144600171313,27,0.49420758105813356,0.22129353691770776,27,0.9814951137718211,0.01947222910678916,27,0.27018029023118556,0.09630248302701433,27,0.10343915343915343,0.09043746359663102,27,0.013837562067550168,0.01185493803993313,27,0.007407407407407408,0.02824395152454411,27,0.9700083147594388,0.03446848103722681,27,0.9705377275376684,0.032159153583795765,27,0.8011360099595394,0.12214885278260612,27
r5_final_inverse_map_complete_2026-08-31,HuberRidgeAIME,0.01,1.0,0.2754267604618412,0.15175877547789954,27,1.028800384783335,0.4693842600203786,27,0.2849860489088997,0.2002696821134844,27,0.49618268620897304,0.22073211562612507,27,0.9892114062666224,0.011906205279418833,27,0.27152474320543013,0.09675803272460415,27,0.1165079365079365,0.09798510834930131,27,0.014862117032804704,0.012860735914746072,27,0.0049382716049382715,0.025660011963983365,27,0.9707142738238846,0.034344254020154674,27,0.9695869159577563,0.03246315175638336,27,0.20560958951481825,0.04288248317855056,27
r5_final_inverse_map_complete_2026-08-31,HuberRidgeAIME,0.01,2.0,0.26638428473786635,0.15596696294186282,27,1.0414488464949392,0.4659123104154215,27,0.2814505539833589,0.20145285746784405,27,0.4923220657764447,0.22308653264121572,27,0.9826297448019047,0.01905075618017265,27,0.2711443175582658,0.09541625253744276,27,0.11051146384479717,0.09989318610116649,27,0.01711497977026664,0.014732731536865117,27,0.019753086419753086,0.04826853238643276,27,0.932237865350457,0.0781738304594867,27,0.9608164091157626,0.03866701335332228,27,0.1038299270325414,0.014012710114786452,27
r5_final_inverse_map_complete_2026-08-31,HuberRidgeAIME,0.1,0.5,0.34249971876582813,0.13357359438570726,27,1.0215983820945354,0.46854641945265957,27,0.2830553522172332,0.2002200541657482,27,0.49415187136547456,0.22130427285071472,27,0.9814420645125267,0.019490758723717735,27,0.2701754942189387,0.09629234231441515,27,0.10343915343915343,0.09043746359663102,27,0.013845269569745067,0.011860580318765988,27,0.007407407407407408,0.02824395152454411,27,0.9700083147594388,0.03446848103722681,27,0.9705284068141702,0.03216513853178746,27,0.8008247743541861,0.12245568537883147,27
r5_final_inverse_map_complete_2026-08-31,HuberRidgeAIME,0.1,1.0,0.27485799190885596,0.15114908076676542,27,1.0277315535140776,0.46968254919309793,27,0.28498557591827955,0.2002431543794701,27,0.4961644758254124,0.22074112872258167,27,0.9892006316600186,0.011915327874010059,27,0.27152366017477864,0.09675436040668776,27,0.1165079365079365,0.09798510834930131,27,0.014867579411376673,0.01286423215520373,27,0.0049382716049382715,0.025660011963983365,27,0.9707142738238846,0.034344254020154674,27,0.9695710110810453,0.03247678297362771,27,0.20560958951481825,0.04288248317855056,27
r5_final_inverse_map_complete_2026-08-31,HuberRidgeAIME,0.1,2.0,0.26583990080847303,0.15537651967343702,27,1.0404606411554775,0.4661851781245288,27,0.28148678295672774,0.20143286087577902,27,0.4923059453144763,0.22310057265160296,27,0.9826193142546202,0.01906166474011125,27,0.2711441247052168,0.09541403335539186,27,0.11051146384479717,0.09989318610116649,27,0.017119951306921604,0.014736616649392926,27,0.019753086419753086,0.04826853238643276,27,0.932237865350457,0.0781738304594867,27,0.9607971005529358,0.03868271364197614,27,0.1038299270325414,0.014012710114786452,27
r5_final_inverse_map_complete_2026-08-31,HuberRidgeAIME,1.0,0.5,0.33313172358630655,0.12687879376804068,27,1.0062386538711192,0.4732898574674272,27,0.2822718168143302,0.19951497387027994,27,0.493587679274876,0.22140604687797288,27,0.9809076911435533,0.019670779128510046,27,0.2701328935606118,0.09619562731902401,27,0.10590828924162257,0.09217834540675333,27,0.01392167876308609,0.011915912236748802,27,0.007407407407407408,0.02824395152454411,27,0.9700083147594388,0.03446848103722685,27,0.9704254150898833,0.03222711468407725,27,0.8009423522495418,0.12280526613170334,27
r5_final_inverse_map_complete_2026-08-31,HuberRidgeAIME,1.0,1.0,0.2693345949644768,0.14532039085607523,27,1.0172540662025926,0.472653025839528,27,0.28475223559397794,0.1999112922582647,27,0.4959788330912706,0.22082882828326905,27,0.9890931348874711,0.012006167752363652,27,0.2715139065731118,0.09671894898355476,27,0.11403880070546737,0.09838397443404168,27,0.014921113322495736,0.012898809557884515,27,0.0049382716049382715,0.025660011963983365,27,0.9704387917302207,0.03444841713392716,27,0.9694106175873713,0.03261279390811375,27,0.20560958951481825,0.04289829870265262,27
r5_final_inverse_map_complete_2026-08-31,HuberRidgeAIME,1.0,2.0,0.2605516282388319,0.1497318686250155,27,1.030762599959216,0.4689021550211747,27,0.28163475682625244,0.20117359370165952,27,0.4921423998454912,0.22323875276974225,27,0.9825155486929984,0.019170159233689414,27,0.2711424892222032,0.09539238410958754,27,0.11051146384479717,0.09989318610116649,27,0.017168984224469455,0.014774980570833766,27,0.019753086419753086,0.04826853238643276,27,0.932237865350457,0.0781738304594867,27,0.9606035083431785,0.0388398274467306,27,0.1038299270325414,0.014012710114786452,27
r5_final_inverse_map_complete_2026-08-31,RidgeAIME,0.0,1.0,0.2674936903521779,0.1571544030430544,27,1.070553713996292,0.447137704461011,27,0.25378177560285337,0.2052959069883051,27,0.4690995787744826,0.22833393702679752,27,0.9211985603149628,0.0747257594365002,27,0.2730722972658673,0.09391020779424678,27,0.1246384479717813,0.09772607307326873,27,0.017819656939759308,0.014319047502297426,27,0.024691358024691357,0.052779652088475945,27,0.09947695127433688,0.009791219714393553,27,0.9259017995366341,0.05571415588858967,27,0.0,0.0,27
r5_final_inverse_map_complete_2026-08-31,RidgeAIME,1e-06,1.0,0.26749368451816025,0.15715439669062833,27,1.0705537036941117,0.447137707297619,27,0.2537817769537898,0.20529590638311768,27,0.4690995784284977,0.22833393725428275,27,0.9211985599111032,0.0747257597576346,27,0.27307229725628124,0.09391020778112708,27,0.1246384479717813,0.09772607307326873,27,0.01781965698518909,0.014319047531619885,27,0.024691358024691357,0.052779652088475945,27,0.09947695127433688,0.009791219714393553,27,0.9259017992131158,0.05571415609040592,27,0.0,0.0,27
r5_final_inverse_map_complete_2026-08-31,RidgeAIME,1e-05,1.0,0.267493632012016,0.15715433951881994,27,1.070553610974507,0.44713773282709035,27,0.2537817891121917,0.2052959009364255,27,0.469099575314633,0.2283339393016493,27,0.9211985562763672,0.0747257626478443,27,0.2730722971700066,0.09391020766305005,27,0.1246384479717813,0.09772607307326873,27,0.01781965739405709,0.01431904779552195,27,0.024691358024691357,0.052779652088475945,27,0.09947695127433688,0.009791219714393553,27,0.9259017963014524,0.055714157906752215,27,0.0,0.0,27
r5_final_inverse_map_complete_2026-08-31,RidgeAIME,0.0001,1.0,0.2674931069520704,0.1571537678032933,27,1.0705526837801986,0.4471379881217463,27,0.2537819106936715,0.2052958464690227,27,0.46909954417597843,0.22833395977528026,27,0.9211985199290283,0.07472579154991797,27,0.27307229630726115,0.09391020648228109,27,0.1246384479717813,0.09772607307326873,27,0.017819661482731782,0.014319050434539007,27,0.024691358024691357,0.052779652088475945,27,0.09947695127433688,0.009791219714393553,27,0.9259017671848297,0.05571417607020731,27,0.0,0.0,27
r5_final_inverse_map_complete_2026-08-31,RidgeAIME,0.001,1.0,0.267487856502245,0.1571480509037881,27,1.0705434120108284,0.447140541062413,27,0.2537831262546097,0.20529530174691235,27,0.4690992327886803,0.22833416450812713,27,0.9211981564578421,0.07472608056840774,27,0.27307228767989594,0.09391019467481758,27,0.1246384479717813,0.09772607307326873,27,0.017819702368950866,0.014319076824349991,27,0.024691358024691357,0.052779652088475945,27,0.09947695127433688,0.009791219714393553,27,0.9259014760197497,0.05571435770407239,27,0.0,0.0,27
r5_final_inverse_map_complete_2026-08-31,RidgeAIME,0.01,1.0,0.2674353669612515,0.15709090747127272,27,1.0704507116826212,0.4471660698763677,27,0.2537952565045635,0.20528984972425726,27,0.469096118840594,0.22833621149042346,27,0.9211945219661942,0.07472897052859709,27,0.2730722014151128,0.09391007662277263,27,0.1246384479717813,0.09772607307326873,27,0.017820111178359993,0.014319340686505625,27,0.024691358024691357,0.052779652088475945,27,0.09947695127433688,0.009791219714393553,27,0.9258985644838128,0.05571617397404168,27,0.0,0.0,27
r5_final_inverse_map_complete_2026-08-31,RidgeAIME,0.1,1.0,0.26691196152896796,0.1565220159155578,27,1.0695254389516522,0.44742129529048663,27,0.2539140494053437,0.20523485607293146,27,0.4690649720070213,0.22835664674467918,27,0.9211581991056628,0.07475784767495387,27,0.27307133965659147,0.0939088983594132,27,0.1246384479717813,0.09772607307326873,27,0.017824193997223813,0.014321975717239026,27,0.024691358024691357,0.052779652088475945,27,0.09947695127433688,0.009791219714393553,27,0.9258694606850236,0.0557343297694689,27,0.0,0.0,27
r5_final_inverse_map_complete_2026-08-31,RidgeAIME,1.0,1.0,0.2618214254918704,0.15107466298721567,27,1.06044004085323,0.4499641442196722,27,0.25487486752801786,0.2046442002800112,27,0.4687529207641482,0.22855759069909484,27,0.9207972089226275,0.07504438866478079,27,0.27306281314144065,0.09389733942389845,27,0.12500881834215166,0.09725334612658068,27,0.01786449775095849,0.014347971485506992,27,0.02716049382716049,0.05626329817131481,27,0.09947695127433688,0.009791219714393553,27,0.9255796500597768,0.05591516238925349,27,0.0,0.0,27
