pipeline_version,protocol,learner,repeat,method,n_after_protocol,d_after_encoding,raw_missing_cells,model_fit_time_sec,model_test_accuracy,model_test_log_loss,orientation,solver,cond_raw,cond_reg,lambda_min_raw,lambda_min_reg,lambda_max_raw,lambda_max_reg,system_min_singular_value,solver_svd_tolerance,coef_fro_norm,mean_iter,converged,mean_huber_weight,frac_downweighted,ridge_lambda,huber_delta,residual_mode,effective_delta_on_l2_norm,clean_target_reconstruction_mse,clean_target_reconstruction_rmse,clean_target_reconstruction_r2,clean_target_reconstruction_cosine,bootstrap_cosine_flat,bootstrap_spearman_global,bootstrap_topk_jaccard,irrelevant_decoy_mass_ratio,irrelevant_decoy_topk_infiltration,error,log10_cond_reg,log10_coef_norm
main_corrected_inverse_map_2026-08-31_v2,impute,lgbm,0,AIME,690,42,67,1.2584522500401363,0.8647342995169082,0.42092231407947767,X ~= Y A^T,SVD normal-system solve,1.3336431448100217,1.3336431448100217,54.383870371766335,54.383870371766335,72.52867590954301,72.52867590954301,54.38387037176634,7.252867590954301e-11,2.3678331558229133,1,True,1.0,0.0,0.0,1.0,rms,6.48074069840786,1.0213823793840924,1.0106346418880032,0.034856446960971565,0.22628798992134785,0.9138267490299766,0.7954959291694286,0.5677655677655677,0.042118084569942045,0.0,,0.12503963694728976,0.3743510975195322
main_corrected_inverse_map_2026-08-31_v2,impute,lgbm,0,HuberAIME,690,42,67,1.2584522500401363,0.8647342995169082,0.42092231407947767,X ~= Y A^T,SVD normal-system solve,1.3398998845394723,1.3398998845394723,52.063214960590166,52.063214960590166,69.75949571444849,69.75949571444849,52.063214960590166,6.975949571444848e-11,2.3692370545983867,7,True,0.9608355433930539,0.1736111111111111,0.0,1.0,rms,6.48074069840786,1.023384073617428,1.0116244726267885,0.032964968976375464,0.22220722339589674,0.920634115897025,0.8346294695506067,0.6283716283716283,0.03673437103909857,0.0,,0.12707234969586187,0.37460851633838277
main_corrected_inverse_map_2026-08-31_v2,impute,lgbm,0,RidgeAIME,690,42,67,1.2584522500401363,0.8647342995169082,0.42092231407947767,X ~= Y A^T,SVD normal-system solve,1.3336431448100217,1.3335818064381555,54.383870371766335,54.39387037176634,72.52867590954301,72.53867590954302,54.39387037176634,7.253867590954302e-11,2.3674045714812157,1,True,1.0,0.0,0.01,1.0,rms,6.48074069840786,1.0213829238104009,1.0106349112366944,0.03485593251158181,0.22628677227364138,0.913824717906157,0.7954959291694286,0.5677655677655677,0.04211842989674009,0.0,,0.125019661941865,0.37427248190365114
main_corrected_inverse_map_2026-08-31_v2,impute,lgbm,0,HuberRidgeAIME,690,42,67,1.2584522500401363,0.8647342995169082,0.42092231407947767,X ~= Y A^T,SVD normal-system solve,1.3398999056127112,1.3398346321572674,52.063220775695726,52.073220775695724,69.75950460324844,69.76950460324845,52.07322077569572,6.976950460324843e-11,2.3687888325652398,7,True,0.9608356695857698,0.1736111111111111,0.01,1.0,rms,6.48074069840786,1.0233843220939525,1.0116245954374343,0.032964734181336386,0.2222056992110568,0.9206324330271851,0.8346294695506067,0.6283716283716283,0.036734729972270806,0.0,,0.12705119928013847,0.3745263469451039
main_corrected_inverse_map_2026-08-31_v2,impute,svm,0,AIME,690,42,67,0.021750374929979444,0.8357487922705314,0.407872946484594,X ~= Y A^T,SVD normal-system solve,1.8184123222404294,1.8184123222404294,39.796097952075044,39.796097952075044,72.36571489314038,72.36571489314038,39.796097952075044,7.23657148931404e-11,2.7832209054131147,1,True,1.0,0.0,0.0,1.0,rms,6.48074069840786,0.6971853043999975,0.8349762298413036,0.017531932471398504,0.21531037751767496,0.8975852307198788,0.7421358676022651,0.37673992673992673,0.038961349728365666,0.0,,0.25969236566835047,0.4445476778376426
main_corrected_inverse_map_2026-08-31_v2,impute,svm,0,HuberAIME,690,42,67,0.021750374929979444,0.8357487922705314,0.407872946484594,X ~= Y A^T,SVD normal-system solve,1.7771154637312938,1.7771154637312938,38.84042189832768,38.84042189832768,69.0239143733657,69.0239143733657,38.84042189832769,6.90239143733657e-11,2.7587010931503855,7,True,0.952343717797806,0.1736111111111111,0.0,1.0,rms,6.48074069840786,0.6917859738184622,0.8317367214560519,0.025140626815514544,0.22881718829664816,0.922471678705319,0.8419626894641457,0.5934065934065933,0.03457100767682563,0.0,,0.2497156459439018,0.440704646971456
main_corrected_inverse_map_2026-08-31_v2,impute,svm,0,RidgeAIME,690,42,67,0.021750374929979444,0.8357487922705314,0.407872946484594,X ~= Y A^T,SVD normal-system solve,1.8184123222404294,1.818206722504624,39.796097952075044,39.80609795207504,72.36571489314038,72.37571489314038,39.806097952075035,7.237571489314038e-11,2.7825435218857844,1,True,1.0,0.0,0.01,1.0,rms,6.48074069840786,0.6971822428083074,0.8349743964986636,0.01753624684241628,0.21530692693508205,0.8975773166839958,0.7421358676022651,0.37673992673992673,0.03896222442977743,0.0,,0.2596432591604993,0.44444196587899004
main_corrected_inverse_map_2026-08-31_v2,impute,svm,0,HuberRidgeAIME,690,42,67,0.021750374929979444,0.8357487922705314,0.407872946484594,X ~= Y A^T,SVD normal-system solve,1.7771145030845676,1.77691447597702,38.84045945069259,38.85045945069258,69.02394379629386,69.03394379629387,38.85045945069258,6.903394379629386e-11,2.758001973287485,7,True,0.9523442763967489,0.1736111111111111,0.01,1.0,rms,6.48074069840786,0.691783888057019,0.8317354675959292,0.025143566054195543,0.22881518902624637,0.922465983073381,0.8419626894641457,0.5934065934065933,0.034571922230358355,0.0,,0.24966652543890602,0.440594572567735
main_corrected_inverse_map_2026-08-31_v2,impute,mlp,0,AIME,690,42,67,0.03145941602997482,0.8019323671497585,0.4657074795581009,X ~= Y A^T,SVD normal-system solve,3.8399115004178537,3.8399115004178537,19.0316044420272,19.0316044420272,73.07967676834375,73.07967676834375,19.031604442027202,7.307967676834375e-11,4.814576589098382,1,True,1.0,0.0,0.0,1.0,rms,6.48074069840786,1.2079990204070767,1.0990900874846778,0.021162273386260533,0.19796602916955364,0.9546022357818382,0.8486311023335865,0.598068598068598,0.020919652298301356,0.0,,0.5843212151688111,0.6825580997463969
main_corrected_inverse_map_2026-08-31_v2,impute,mlp,0,HuberAIME,690,42,67,0.03145941602997482,0.8019323671497585,0.4657074795581009,X ~= Y A^T,SVD normal-system solve,3.86669257776238,3.86669257776238,18.29294636718081,18.29294636718081,70.73319994338334,70.73319994338334,18.29294636718081,7.073319994338332e-11,4.8042326124766666,7,True,0.9701030959832972,0.13194444444444445,0.0,1.0,rms,6.48074069840786,1.2079637850911729,1.0990740580557676,0.02119082444957543,0.19791546960794063,0.9644056996159257,0.8773971141771479,0.7379953379953379,0.016824676730939948,0.0,,0.5873396447679934,0.6816240270134116
main_corrected_inverse_map_2026-08-31_v2,impute,mlp,0,RidgeAIME,690,42,67,0.03145941602997482,0.8019323671497585,0.4657074795581009,X ~= Y A^T,SVD normal-system solve,3.8399115004178537,3.8384200759378087,19.0316044420272,19.041604442027193,73.07967676834375,73.08967676834374,19.041604442027197,7.308967676834373e-11,4.812086559017769,1,True,1.0,0.0,0.01,1.0,rms,6.48074069840786,1.2079815475810132,1.0990821386871015,0.021176431561104048,0.19795729267933584,0.9545959234786313,0.8487680292294082,0.598068598068598,0.02092090757354538,0.0,,0.5841525021030719,0.6823334307554367
main_corrected_inverse_map_2026-08-31_v2,impute,mlp,0,HuberRidgeAIME,690,42,67,0.03145941602997482,0.8019323671497585,0.4657074795581009,X ~= Y A^T,SVD normal-system solve,3.8667021712439427,3.8651359152401343,18.29289661633628,18.302896616336273,70.73318306472846,70.74318306472846,18.30289661633627,7.074318306472845e-11,4.801638565641817,7,True,0.9701026146554393,0.13194444444444445,0.01,1.0,rms,6.48074069840786,1.2079459398963726,1.0990659397399105,0.021205284353610354,0.19790602080562864,0.9644006755202261,0.8773971141771479,0.7379953379953379,0.016826496583959336,0.0,,0.5871647702338924,0.6813894662468409
main_corrected_inverse_map_2026-08-31_v2,impute,lgbm,1,AIME,690,42,67,1.376226874999702,0.821256038647343,0.511257347243598,X ~= Y A^T,SVD normal-system solve,1.5340896721244202,1.5340896721244202,50.353771036990366,50.353771036990366,77.24720010036468,77.24720010036468,50.353771036990366,7.724720010036468e-11,2.5736675174631527,1,True,1.0,0.0,0.0,1.0,rms,6.48074069840786,1.0424808701920782,1.021019524882888,0.013421304204177864,0.16402169882280826,0.9138245854436784,0.801919123130064,0.5934065934065933,0.03013562970191248,0.0,,0.18585074616484892,0.410552441302778
main_corrected_inverse_map_2026-08-31_v2,impute,lgbm,1,HuberAIME,690,42,67,1.376226874999702,0.821256038647343,0.511257347243598,X ~= Y A^T,SVD normal-system solve,1.6058151516452057,1.6058151516452057,46.993916550107954,46.993916550107954,75.46354323131375,75.46354323131375,46.99391655010796,7.546354323131374e-11,2.3826076037637143,8,True,0.9593112846375728,0.14583333333333334,0.0,1.0,rms,6.48074069840786,1.0400347483924959,1.0198209393773476,0.015736254745519873,0.1642179033225089,0.9146804340567014,0.7876188275174975,0.6606060606060606,0.03301038595399628,0.0,,0.20569555137802387,0.3770525234407078
main_corrected_inverse_map_2026-08-31_v2,impute,lgbm,1,RidgeAIME,690,42,67,1.376226874999702,0.821256038647343,0.511257347243598,X ~= Y A^T,SVD normal-system solve,1.5340896721244202,1.5339836257221897,50.353771036990366,50.363771036990364,77.24720010036468,77.25720010036468,50.36377103699037,7.725720010036467e-11,2.5731726709726996,1,True,1.0,0.0,0.01,1.0,rms,6.48074069840786,1.0424736300077915,1.0210159793107019,0.013428156139570935,0.1640220190395147,0.9138221683695195,0.801919123130064,0.5934065934065933,0.03013639863110629,0.0,,0.18582072382648754,0.41046893021908903
main_corrected_inverse_map_2026-08-31_v2,impute,lgbm,1,HuberRidgeAIME,690,42,67,1.376226874999702,0.821256038647343,0.511257347243598,X ~= Y A^T,SVD normal-system solve,1.6058150071491726,1.6056861210833928,46.993918032888224,47.00391803288823,75.46353882195004,75.47353882195004,47.00391803288822,7.547353882195004e-11,2.3821205659899514,8,True,0.9593113229255847,0.14583333333333334,0.01,1.0,rms,6.48074069840786,1.0400292538215525,1.0198182454837492,0.015741454674641053,0.16421826006405463,0.9146777953962207,0.7876188275174975,0.6606060606060606,0.033011285685964835,0.0,,0.20566065351794935,0.3769637385989184
main_corrected_inverse_map_2026-08-31_v2,impute,svm,1,AIME,690,42,67,0.02089575002901256,0.821256038647343,0.42506109868391695,X ~= Y A^T,SVD normal-system solve,2.186969529711929,2.186969529711929,33.90521004011981,33.90521004011981,74.149661256225,74.149661256225,33.90521004011982,7.4149661256225e-11,3.1028270173968084,1,True,1.0,0.0,0.0,1.0,rms,6.48074069840786,0.8629914644596748,0.9289733389391079,0.005995322306973083,0.16223862980947867,0.9302188768203754,0.8242217173603524,0.731934731934732,0.0451677560033043,0.1111111111111111,,0.33984273220537514,0.4917575643421056
main_corrected_inverse_map_2026-08-31_v2,impute,svm,1,HuberAIME,690,42,67,0.02089575002901256,0.821256038647343,0.42506109868391695,X ~= Y A^T,SVD normal-system solve,2.1437919516867634,2.1437919516867634,33.33548557783513,33.33548557783513,71.46434568733312,71.46434568733312,33.335485577835136,7.14643456873331e-11,3.0792468726729227,6,True,0.9629586877972918,0.1388888888888889,0.0,1.0,rms,6.48074069840786,0.8601325157364751,0.927433294494259,0.009288296248406325,0.16700705400721436,0.9419336001369935,0.8973642437771909,0.7272727272727273,0.04236398386067336,0.1111111111111111,,0.33118263614267074,0.48844450902062997
main_corrected_inverse_map_2026-08-31_v2,impute,svm,1,RidgeAIME,690,42,67,0.02089575002901256,0.821256038647343,0.42506109868391695,X ~= Y A^T,SVD normal-system solve,2.186969529711929,2.1866195482350905,33.90521004011981,33.91521004011982,74.149661256225,74.159661256225,33.91521004011982,7.415966125622501e-11,3.101941007633352,1,True,1.0,0.0,0.01,1.0,rms,6.48074069840786,0.862980758745954,0.9289675768001562,0.006007653285846848,0.16223542224084936,0.9302113141036816,0.8242217173603524,0.731934731934732,0.04516917605566132,0.1111111111111111,,0.3397732263502183,0.4916335341923096
main_corrected_inverse_map_2026-08-31_v2,impute,svm,1,HuberRidgeAIME,690,42,67,0.02089575002901256,0.821256038647343,0.42506109868391695,X ~= Y A^T,SVD normal-system solve,2.1437928838090485,2.143449870698639,33.33545675055086,33.345456750550845,71.46431496035524,71.47431496035526,33.34545675055085,7.147431496035524e-11,3.078338244537747,6,True,0.9629581607507524,0.1388888888888889,0.01,1.0,rms,6.48074069840786,0.8601221464966426,0.9274277041886567,0.009300239672324295,0.16700497027989158,0.9419280484324247,0.8973642437771909,0.7272727272727273,0.042365791460798156,0.1111111111111111,,0.331113331031377,0.48831633793389334
main_corrected_inverse_map_2026-08-31_v2,impute,mlp,1,AIME,690,42,67,0.031375958933494985,0.8309178743961353,0.43454132738993095,X ~= Y A^T,SVD normal-system solve,3.8981315628440534,3.8981315628440534,18.593238080366824,18.593238080366824,72.4788882165519,72.4788882165519,18.593238080366834,7.247888821655187e-11,4.921485312370753,1,True,1.0,0.0,0.0,1.0,rms,6.48074069840786,1.19472619675452,1.0930353135898767,0.01844960144012875,0.19862255906022386,0.9436277969695596,0.8139546552671589,0.6456876456876457,0.01769195822194569,0.0,,0.5908564925684141,0.6920961933397575
main_corrected_inverse_map_2026-08-31_v2,impute,mlp,1,HuberAIME,690,42,67,0.031375958933494985,0.8309178743961353,0.43454132738993095,X ~= Y A^T,SVD normal-system solve,3.941376632140275,3.941376632140275,17.937462235060607,17.937462235060607,70.69829449316654,70.69829449316654,17.93746223506061,7.069829449316654e-11,4.846820706609415,7,True,0.974215866392306,0.09722222222222222,0.0,1.0,rms,6.48074069840786,1.1894469978451827,1.0906177138874935,0.02278682934022258,0.20609077210000648,0.9622045985135506,0.8786178753785651,0.7016317016317016,0.018034019012758872,0.0,,0.5956479373890137,0.6854569546164325
main_corrected_inverse_map_2026-08-31_v2,impute,mlp,1,RidgeAIME,690,42,67,0.031375958933494985,0.8309178743961353,0.43454132738993095,X ~= Y A^T,SVD normal-system solve,3.8981315628440534,3.896573698804296,18.593238080366824,18.603238080366825,72.4788882165519,72.48888821655189,18.603238080366825,7.24888882165519e-11,4.91887973538866,1,True,1.0,0.0,0.01,1.0,rms,6.48074069840786,1.1947111716103034,1.0930284404398192,0.018461945637765043,0.19861350960926874,0.9436228545168996,0.8139546552671589,0.6456876456876457,0.01769294992184799,0.0,,0.5906828947883006,0.6918662043654764
main_corrected_inverse_map_2026-08-31_v2,impute,mlp,1,HuberRidgeAIME,690,42,67,0.031375958933494985,0.8309178743961353,0.43454132738993095,X ~= Y A^T,SVD normal-system solve,3.941376849102294,3.939737966970583,17.93745816182486,17.947458161824862,70.6982823307575,70.70828233075748,17.94745816182486,7.07082823307575e-11,4.8441621649687825,7,True,0.9742157574748328,0.09722222222222222,0.01,1.0,rms,6.48074069840786,1.1894369946926049,1.0906131278746853,0.022795047623563325,0.20607884477494143,0.9622006207690786,0.8786178753785651,0.7016317016317016,0.018035229307203398,0.0,,0.5954673377435726,0.6852186733174764
main_corrected_inverse_map_2026-08-31_v2,impute,lgbm,2,AIME,690,42,67,1.355570208048448,0.8743961352657005,0.3482357812202646,X ~= Y A^T,SVD normal-system solve,1.3438197427298129,1.3438197427298129,55.858237339588776,55.858237339588776,75.06340213102702,75.06340213102702,55.858237339588776,7.506340213102702e-11,2.324346340993459,1,True,1.0,0.0,0.0,1.0,rms,6.48074069840786,1.308340567546874,1.1438271580736636,0.011593210683218724,0.16225210885233668,0.9120068631398366,0.6943331982164571,0.5173453996983408,0.028392270209017953,0.0,,0.12834101723863314,0.3663008409194483
main_corrected_inverse_map_2026-08-31_v2,impute,lgbm,2,HuberAIME,690,42,67,1.355570208048448,0.8743961352657005,0.3482357812202646,X ~= Y A^T,SVD normal-system solve,1.3428929318343081,1.3428929318343081,53.322914541069,53.322914541069,71.60696504200641,71.60696504200641,53.322914541069,7.16069650420064e-11,2.2763146905488174,7,True,0.9564886728085106,0.1388888888888889,0.0,1.0,rms,6.48074069840786,1.3060762108930288,1.142836913515235,0.013303855102272166,0.16598444689220365,0.9231484488018318,0.7279935143899472,0.5576923076923077,0.025119966044631653,0.0,,0.12804138797238365,0.35723230118591626
main_corrected_inverse_map_2026-08-31_v2,impute,lgbm,2,RidgeAIME,690,42,67,1.355570208048448,0.8743961352657005,0.3482357812202646,X ~= Y A^T,SVD normal-system solve,1.3438197427298129,1.3437582015466467,55.858237339588776,55.868237339588774,75.06340213102702,75.07340213102702,55.86823733958878,7.507340213102702e-11,2.32394163698617,1,True,1.0,0.0,0.01,1.0,rms,6.48074069840786,1.3083381331912753,1.1438260939457865,0.011595049756057407,0.1622511337602486,0.9120043666027128,0.6943331982164571,0.5173453996983408,0.028392672574777122,0.0,,0.12832112795778797,0.3662252170689268
main_corrected_inverse_map_2026-08-31_v2,impute,lgbm,2,HuberRidgeAIME,690,42,67,1.355570208048448,0.8743961352657005,0.3482357812202646,X ~= Y A^T,SVD normal-system solve,1.342892734939276,1.3428284420457604,53.32291382423382,53.33291382423382,71.60695358035669,71.6169535803567,53.33291382423382,7.161695358035669e-11,2.2758972953881855,7,True,0.9564885815166976,0.1388888888888889,0.01,1.0,rms,6.48074069840786,1.3060743676792181,1.1428361070946342,0.013305247587600322,0.16598357564917474,0.9231462020190555,0.7279935143899472,0.5576923076923077,0.0251204216479064,0.0,,0.12802053133432495,0.3571526597210181
main_corrected_inverse_map_2026-08-31_v2,impute,svm,2,AIME,690,42,67,0.021209250087849796,0.8840579710144928,0.3697652672762235,X ~= Y A^T,SVD normal-system solve,2.292732793192528,2.292732793192528,32.44835781706846,32.44835781706846,74.39541405243799,74.39541405243799,32.44835781706847,7.439541405243799e-11,3.1558406602930575,1,True,1.0,0.0,0.0,1.0,rms,6.48074069840786,0.7666298545306247,0.8755740143075426,0.050586082194722715,0.26135398881517447,0.9408442702869078,0.8462818224624087,0.4725274725274725,0.034153243693315675,0.0,,0.36035344277875164,0.4991150673819894
main_corrected_inverse_map_2026-08-31_v2,impute,svm,2,HuberAIME,690,42,67,0.021209250087849796,0.8840579710144928,0.3697652672762235,X ~= Y A^T,SVD normal-system solve,2.292161608234812,2.292161608234812,31.778039185289895,31.778039185289895,72.84040140550296,72.84040140550296,31.778039185289902,7.284040140550294e-11,3.182513854749714,7,True,0.9759694666679225,0.125,0.0,1.0,rms,6.48074069840786,0.766187646193547,0.8753214530636999,0.05113372425080753,0.2623757670539412,0.9422325945765604,0.8419366319898846,0.557042957042957,0.03444114679067189,0.0,,0.36024523418991766,0.5027703029865733
main_corrected_inverse_map_2026-08-31_v2,impute,svm,2,RidgeAIME,690,42,67,0.021209250087849796,0.8840579710144928,0.3697652672762235,X ~= Y A^T,SVD normal-system solve,2.292732793192528,2.292334518948194,32.44835781706846,32.45835781706846,74.39541405243799,74.40541405243799,32.45835781706846,7.440541405243798e-11,3.1549019228713466,1,True,1.0,0.0,0.01,1.0,rms,6.48074069840786,0.7666310884713625,0.8755747189539923,0.05058455405111695,0.261351607817712,0.9408401640774278,0.8462818224624087,0.4725274725274725,0.03415429615785557,0.0,,0.36027799424320867,0.4989858627821061
main_corrected_inverse_map_2026-08-31_v2,impute,svm,2,HuberRidgeAIME,690,42,67,0.021209250087849796,0.8840579710144928,0.3697652672762235,X ~= Y A^T,SVD normal-system solve,2.292159794999136,2.2917533029581474,31.7780712216419,31.788071221641896,72.84041721686664,72.85041721686665,31.788071221641896,7.285041721686665e-11,3.1815428268129073,7,True,0.9759698634185597,0.125,0.01,1.0,rms,6.48074069840786,0.7661888060127917,0.8753221155739136,0.05113228790114466,0.26237333839703947,0.9422282387057255,0.8419366319898846,0.557042957042957,0.03444209207211259,0.0,,0.36016786594356415,0.5026377736584725
main_corrected_inverse_map_2026-08-31_v2,impute,mlp,2,AIME,690,42,67,0.037918708054348826,0.821256038647343,0.40237910465157584,X ~= Y A^T,SVD normal-system solve,2.067427880605734,2.067427880605734,34.96730590416083,34.96730590416083,72.2923831359316,72.2923831359316,34.96730590416083,7.229238313593161e-11,3.626297075348861,1,True,1.0,0.0,0.0,1.0,rms,6.48074069840786,0.6495580164497529,0.8059516216558863,0.07149761977012503,0.30211814513232704,0.9073509081461666,0.7508612020277431,0.5421245421245421,0.032799331458482815,0.0,,0.31543036871974384,0.5594633797098012
main_corrected_inverse_map_2026-08-31_v2,impute,mlp,2,HuberAIME,690,42,67,0.037918708054348826,0.821256038647343,0.40237910465157584,X ~= Y A^T,SVD normal-system solve,2.1336080244350897,2.1336080244350897,32.476178073856566,32.476178073856566,69.29143414136328,69.29143414136328,32.476178073856566,6.929143414136328e-11,3.424526122803385,7,True,0.9553766796203299,0.18055555555555555,0.0,1.0,rms,6.48074069840786,0.641433007886681,0.8008951291440602,0.0831118091098757,0.31893468178122075,0.9355344423171263,0.8410447850208425,0.6153846153846153,0.03314946343244544,0.0,,0.32911463605327,0.5346004834225675
main_corrected_inverse_map_2026-08-31_v2,impute,mlp,2,RidgeAIME,690,42,67,0.037918708054348826,0.821256038647343,0.40237910465157584,X ~= Y A^T,SVD normal-system solve,2.067427880605734,2.067122703333497,34.96730590416083,34.97730590416082,72.2923831359316,72.3023831359316,34.97730590416083,7.230238313593161e-11,3.6252715606859716,1,True,1.0,0.0,0.01,1.0,rms,6.48074069840786,0.6495546651040055,0.8059495425298072,0.07150241030834426,0.30211654863341136,0.9073455657301179,0.750985002026753,0.5421245421245421,0.03280041074464718,0.0,,0.3153662568880539,0.5593405441180757
main_corrected_inverse_map_2026-08-31_v2,impute,mlp,2,HuberRidgeAIME,690,42,67,0.037918708054348826,0.821256038647343,0.40237910465157584,X ~= Y A^T,SVD normal-system solve,2.1336081280311046,2.133259177068291,32.47617281034499,32.48617281034499,69.29142627549483,69.30142627549483,32.48617281034499,6.930142627549482e-11,3.4234807069260884,7,True,0.955376574080578,0.18055555555555555,0.01,1.0,rms,6.48074069840786,0.6414341520413067,0.8008958434411473,0.08311017361271245,0.3189335764183743,0.9355293345927898,0.8410447850208425,0.6153846153846153,0.033150342630519004,0.0,,0.3290436226002564,0.5344678847375428
main_corrected_inverse_map_2026-08-31_v2,complete_case,lgbm,0,AIME,653,37,67,1.2258950000395998,0.8877551020408163,0.44780841290837203,X ~= Y A^T,SVD normal-system solve,1.2692134363207852,1.2692134363207852,55.48947373599263,55.48947373599263,70.42798564009117,70.42798564009117,55.489473735992625,7.042798564009119e-11,2.417322584694498,1,True,1.0,0.0,0.0,1.0,rms,6.082762530298219,0.6875333854212737,0.8291763295109634,0.024856299708228224,0.2163760325702519,0.9184460220273545,0.7009518396178608,0.5314019314019314,0.032026477700898746,0.0,,0.10353466104032441,0.3833346096151797
main_corrected_inverse_map_2026-08-31_v2,complete_case,lgbm,0,HuberAIME,653,37,67,1.2258950000395998,0.8877551020408163,0.44780841290837203,X ~= Y A^T,SVD normal-system solve,1.2631010454548617,1.2631010454548617,53.16594467686146,53.16594467686146,67.15396030393904,67.15396030393904,53.16594467686146,6.715396030393904e-11,2.3476718330295454,7,True,0.956679236514832,0.15328467153284672,0.0,1.0,rms,6.082762530298219,0.6825255156563335,0.8261510247263109,0.031959071379702664,0.2261584171548562,0.9388392025565299,0.8004427240809129,0.5421245421245421,0.03601152706183165,0.0,,0.10143809459977045,0.37063738939626145
main_corrected_inverse_map_2026-08-31_v2,complete_case,lgbm,0,RidgeAIME,653,37,67,1.2258950000395998,0.8877551020408163,0.44780841290837203,X ~= Y A^T,SVD normal-system solve,1.2692134363207852,1.269164928935364,55.48947373599263,55.49947373599263,70.42798564009117,70.43798564009118,55.49947373599263,7.043798564009119e-11,2.4169013064449074,1,True,1.0,0.0,0.01,1.0,rms,6.082762530298219,0.6875276499881132,0.8291728709913954,0.024864434399042512,0.21637500080390762,0.9184443168729339,0.7012636446941871,0.5314019314019314,0.03202651798024754,0.0,,0.10351806265600871,0.3832589164641274
main_corrected_inverse_map_2026-08-31_v2,complete_case,lgbm,0,HuberRidgeAIME,653,37,67,1.2258950000395998,0.8877551020408163,0.44780841290837203,X ~= Y A^T,SVD normal-system solve,1.2631008436527928,1.2630513662516882,53.16596271813588,53.17596271813588,67.15397236289036,67.16397236289036,53.175962718135885,6.716397236289036e-11,2.347242880045911,7,True,0.9566794968220543,0.15328467153284672,0.01,1.0,rms,6.082762530298219,0.682520951463637,0.8261482623982435,0.03196554487444381,0.22615750462602394,0.9388381947001427,0.8004441803912901,0.5421245421245421,0.03601158553462992,0.0,,0.10142101296708164,0.3705580303766874
main_corrected_inverse_map_2026-08-31_v2,complete_case,svm,0,AIME,653,37,67,0.017417083960026503,0.8214285714285714,0.41543200638248307,X ~= Y A^T,SVD normal-system solve,1.921223507212725,1.921223507212725,36.512840073277665,36.512840073277665,70.14932666387985,70.14932666387985,36.512840073277665,7.014932666387984e-11,2.8927075097236408,1,True,1.0,0.0,0.0,1.0,rms,6.082762530298219,0.7889023416606843,0.8882017460355977,0.0450980600329044,0.24250473436247114,0.9116976606400164,0.8066531889804726,0.5201465201465201,0.04241877181367407,0.0,,0.28357789182821674,0.4613045230586806
main_corrected_inverse_map_2026-08-31_v2,complete_case,svm,0,HuberAIME,653,37,67,0.017417083960026503,0.8214285714285714,0.41543200638248307,X ~= Y A^T,SVD normal-system solve,1.931758382141661,1.931758382141661,35.36796245550102,35.36796245550102,68.32235793268566,68.32235793268566,35.367962455501015,6.832235793268566e-11,2.8868298336724356,7,True,0.9667704462272921,0.17518248175182483,0.0,1.0,rms,6.082762530298219,0.7852152270587449,0.8861237086652997,0.04956101152936143,0.25015085751713734,0.9310904394009049,0.8307268651724854,0.5677655677655677,0.03915146318492679,0.0,,0.285952805379327,0.4604211848245594
main_corrected_inverse_map_2026-08-31_v2,complete_case,svm,0,RidgeAIME,653,37,67,0.017417083960026503,0.8214285714285714,0.41543200638248307,X ~= Y A^T,SVD normal-system solve,1.921223507212725,1.9209712750463968,36.512840073277665,36.52284007327767,70.14932666387985,70.15932666387984,36.52284007327767,7.015932666387984e-11,2.891942240521153,1,True,1.0,0.0,0.01,1.0,rms,6.082762530298219,0.7888987852417824,0.8881997440000657,0.04510236478791585,0.24250142042290757,0.9116941009900866,0.8066322577963267,0.5201465201465201,0.042420180445008525,0.0,,0.2835208707533571,0.46118961473817743
main_corrected_inverse_map_2026-08-31_v2,complete_case,svm,0,HuberRidgeAIME,653,37,67,0.017417083960026503,0.8214285714285714,0.41543200638248307,X ~= Y A^T,SVD normal-system solve,1.931758472577856,1.9314950998961389,35.367946813028766,35.37794681302877,68.3223309137513,68.33233091375129,35.37794681302877,6.833233091375128e-11,2.8860405256799395,7,True,0.9667700607747152,0.17518248175182483,0.01,1.0,rms,6.082762530298219,0.7852123409807409,0.8861220801789903,0.049564504891390304,0.2501480701910269,0.9310863866101281,0.8307337418813324,0.5677655677655677,0.03915229490267743,0.0,,0.2858936106994428,0.46030242514819014
main_corrected_inverse_map_2026-08-31_v2,complete_case,mlp,0,AIME,653,37,67,0.04551958397496492,0.826530612244898,0.4045591650260934,X ~= Y A^T,SVD normal-system solve,2.112337803371643,2.112337803371643,32.531845523487824,32.531845523487824,68.71824711270989,68.71824711270989,32.53184552348782,6.87182471127099e-11,3.4903369165663296,1,True,1.0,0.0,0.0,1.0,rms,6.082762530298219,1.0888215635460161,1.0434661295633971,0.038261589678794006,0.23588974596100035,0.9441507216062558,0.828029404790135,0.5677655677655677,0.028424956417587882,0.0,,0.32476337144183304,0.5428673507251761
main_corrected_inverse_map_2026-08-31_v2,complete_case,mlp,0,HuberAIME,653,37,67,0.04551958397496492,0.826530612244898,0.4045591650260934,X ~= Y A^T,SVD normal-system solve,2.144853233192381,2.144853233192381,30.95451151118639,30.95451151118639,66.3928840966589,66.3928840966589,30.954511511186393,6.63928840966589e-11,3.38234992018426,7,True,0.965129361391768,0.1386861313868613,0.0,1.0,rms,6.082762530298219,1.0897595507642615,1.043915490240595,0.037433080796917095,0.2338030099785515,0.9484076124387932,0.8257615608047175,0.5897435897435896,0.028299337397215543,0.0,,0.3313975798795269,0.5292185354154582
main_corrected_inverse_map_2026-08-31_v2,complete_case,mlp,0,RidgeAIME,653,37,67,0.04551958397496492,0.826530612244898,0.4045591650260934,X ~= Y A^T,SVD normal-system solve,2.112337803371643,2.1119959856949024,32.531845523487824,32.541845523487815,68.71824711270989,68.7282471127099,32.541845523487815,6.872824711270989e-11,3.4892730069255435,1,True,1.0,0.0,0.01,1.0,rms,6.082762530298219,1.088818982131536,1.0434648926205117,0.03826386980029561,0.23588853851739713,0.9441464080095792,0.828029404790135,0.5677655677655677,0.02842572076109473,0.0,,0.3246930883919785,0.5427349507501401
main_corrected_inverse_map_2026-08-31_v2,complete_case,mlp,0,HuberRidgeAIME,653,37,67,0.04551958397496492,0.826530612244898,0.4045591650260934,X ~= Y A^T,SVD normal-system solve,2.144853619451842,2.1444838884449653,30.95450116862658,30.96450116862658,66.392873869855,66.402873869855,30.964501168626583,6.6402873869855e-11,3.3812646095288086,7,True,0.9651292350614705,0.1386861313868613,0.01,1.0,rms,6.082762530298219,1.0897581810122028,1.0439148341757591,0.03743429067667292,0.23380118158907617,0.9484040054893125,0.8258003319895659,0.5897435897435896,0.02830031388540552,0.0,,0.33132278772327045,0.5290791589235578
main_corrected_inverse_map_2026-08-31_v2,complete_case,lgbm,1,AIME,653,37,67,1.2262009169207886,0.8418367346938775,0.4912038985167051,X ~= Y A^T,SVD normal-system solve,1.33047250493404,1.33047250493404,52.94281769723503,52.94281769723503,70.43896327990652,70.43896327990652,52.94281769723503,7.043896327990651e-11,2.5494467782667423,1,True,1.0,0.0,0.0,1.0,rms,6.082762530298219,0.9742600429502405,0.9870461199712203,-0.01033901246157809,0.1529492849929709,0.8986532689625968,0.7576001897083233,0.641025641025641,0.0355822054962428,0.0,,0.12400590400667942,0.4064459501547063
main_corrected_inverse_map_2026-08-31_v2,complete_case,lgbm,1,HuberAIME,653,37,67,1.2262009169207886,0.8418367346938775,0.4912038985167051,X ~= Y A^T,SVD normal-system solve,1.3843140828314244,1.3843140828314244,47.85204635501597,47.85204635501597,66.24226166155074,66.24226166155074,47.85204635501597,6.624226166155072e-11,2.3553786924608606,8,True,0.9294874699467833,0.20437956204379562,0.0,1.0,rms,6.082762530298219,0.9667012600213536,0.9832096724612475,-0.0025003113519062037,0.1586202220571691,0.9207151477627763,0.7962532606118092,0.6237096237096236,0.037312658654279685,0.0,,0.14123463706089975,0.3720607419635574
main_corrected_inverse_map_2026-08-31_v2,complete_case,lgbm,1,RidgeAIME,653,37,67,1.2262009169207886,0.8418367346938775,0.4912038985167051,X ~= Y A^T,SVD normal-system solve,1.33047250493404,1.3304100960728498,52.94281769723503,52.95281769723502,70.43896327990652,70.44896327990654,52.95281769723503,7.044896327990653e-11,2.5489796990390223,1,True,1.0,0.0,0.01,1.0,rms,6.082762530298219,0.9742478039614989,0.9870399201458363,-0.010326320236449638,0.15294900658622218,0.8986517455103458,0.7576001897083233,0.641025641025641,0.03558284760929492,0.0,,0.12398553195115807,0.40636637661071945
main_corrected_inverse_map_2026-08-31_v2,complete_case,lgbm,1,HuberRidgeAIME,653,37,67,1.2262009169207886,0.8418367346938775,0.4912038985167051,X ~= Y A^T,SVD normal-system solve,1.3843142062627354,1.384233909994397,47.852025747472084,47.86202574747209,66.2422390406758,66.25223904067579,47.86202574747208,6.62522390406758e-11,2.354901115332256,8,True,0.9294871484798495,0.20437956204379562,0.01,1.0,rms,6.082762530298219,0.9666913545804995,0.9832046351500279,-0.002490039091021634,0.15862010200396012,0.920713371110606,0.7962532606118092,0.6237096237096236,0.037313583948921515,0.0,,0.141209484077589,0.3719726753854302
main_corrected_inverse_map_2026-08-31_v2,complete_case,svm,1,AIME,653,37,67,0.01778037508483976,0.8316326530612245,0.4001403491466819,X ~= Y A^T,SVD normal-system solve,1.7892366228838068,1.7892366228838068,38.4463879795598,38.4463879795598,68.78968539062816,68.78968539062816,38.4463879795598,6.878968539062818e-11,2.8584344006502582,1,True,1.0,0.0,0.0,1.0,rms,6.082762530298219,1.076150825499683,1.0373768965519152,0.0007427901483021415,0.16243858051807014,0.9282851715811763,0.767939293336495,0.7272727272727273,0.03710349860805836,0.0,,0.2526677789224678,0.45612822986758556
main_corrected_inverse_map_2026-08-31_v2,complete_case,svm,1,HuberAIME,653,37,67,0.01778037508483976,0.8316326530612245,0.4001403491466819,X ~= Y A^T,SVD normal-system solve,1.7087580809212568,1.7087580809212568,37.91839841169245,37.91839841169245,64.79336970157122,64.79336970157122,37.91839841169244,6.479336970157122e-11,2.812997195511999,6,True,0.943245233172148,0.18248175182481752,0.0,1.0,rms,6.082762530298219,1.0725566693781592,1.035643118732587,0.0040801350005887915,0.1675528126977835,0.9395499018328989,0.8453877163860565,0.7575757575757576,0.034092241035586265,0.0,,0.2326805814112625,0.4491692991846568
main_corrected_inverse_map_2026-08-31_v2,complete_case,svm,1,RidgeAIME,653,37,67,0.01778037508483976,0.8316326530612245,0.4001403491466819,X ~= Y A^T,SVD normal-system solve,1.7892366228838068,1.789031393879122,38.4463879795598,38.45638797955979,68.78968539062816,68.79968539062817,38.45638797955979,6.879968539062816e-11,2.8577197219504877,1,True,1.0,0.0,0.01,1.0,rms,6.082762530298219,1.0761413158094268,1.03737231301468,0.0007516203478679095,0.16243668612157253,0.9282795293666577,0.767939293336495,0.7272727272727273,0.03710486368299759,0.0,,0.25261796162318145,0.45601963201994034
main_corrected_inverse_map_2026-08-31_v2,complete_case,svm,1,HuberRidgeAIME,653,37,67,0.01778037508483976,0.8316326530612245,0.4001403491466819,X ~= Y A^T,SVD normal-system solve,1.7087581517228179,1.7085712843590577,37.91840747912196,37.928407479121965,64.79338788029712,64.80338788029711,37.928407479121965,6.480338788029711e-11,2.8122692663754534,6,True,0.943245487539765,0.18248175182481752,0.01,1.0,rms,6.082762530298219,1.0725479176754236,1.035638893473697,0.004088261372701241,0.16755185815055024,0.9395449844779022,0.8453877163860565,0.7575757575757576,0.03409371786348792,0.0,,0.23263310298140638,0.4490569007370011
main_corrected_inverse_map_2026-08-31_v2,complete_case,mlp,1,AIME,653,37,67,0.05637291702441871,0.8214285714285714,0.383749473277925,X ~= Y A^T,SVD normal-system solve,1.91128191067309,1.91128191067309,37.379803711132794,37.379803711132794,71.44334265759895,71.44334265759895,37.3798037111328,7.144334265759895e-11,3.1389349935480766,1,True,1.0,0.0,0.0,1.0,rms,6.082762530298219,0.968028466792717,0.9838843767398266,0.04021027138889843,0.22587869317434492,0.9500335316255984,0.8319092926782122,0.793939393939394,0.033012160566277475,0.0,,0.28132474944119784,0.49678232167783976
main_corrected_inverse_map_2026-08-31_v2,complete_case,mlp,1,HuberAIME,653,37,67,0.05637291702441871,0.8214285714285714,0.383749473277925,X ~= Y A^T,SVD normal-system solve,1.8903682038471818,1.8903682038471818,36.192349758066165,36.192349758066165,68.41686720516452,68.41686720516452,36.19234975806616,6.841686720516452e-11,3.09141615370633,7,True,0.9642383870925618,0.1678832116788321,0.0,1.0,rms,6.082762530298219,0.968157604902546,0.983950001220868,0.04008223235323172,0.22503816827765022,0.9583292765899601,0.8429883785057933,0.793939393939394,0.03221959996964597,0.0,,0.2765464038158872,0.49015747193258785
main_corrected_inverse_map_2026-08-31_v2,complete_case,mlp,1,RidgeAIME,653,37,67,0.05637291702441871,0.8214285714285714,0.383749473277925,X ~= Y A^T,SVD normal-system solve,1.91128191067309,1.9110381859620122,37.379803711132794,37.3898037111328,71.44334265759895,71.45334265759894,37.3898037111328,7.145334265759893e-11,3.138125117846197,1,True,1.0,0.0,0.01,1.0,rms,6.082762530298219,0.9680233684098285,0.9838817857902586,0.04021532638025127,0.22587714837131273,0.9500293867197904,0.8322773075292197,0.793939393939394,0.033013287682215196,0.0,,0.28126936512246364,0.4966702550275086
main_corrected_inverse_map_2026-08-31_v2,complete_case,mlp,1,HuberRidgeAIME,653,37,67,0.05637291702441871,0.8214285714285714,0.383749473277925,X ~= Y A^T,SVD normal-system solve,1.8903677270778727,1.8901217850302359,36.19233854402266,36.20233854402265,68.416828751097,68.426828751097,36.20233854402265,6.842682875109699e-11,3.090586622200116,7,True,0.9642380287105952,0.1678832116788321,0.01,1.0,rms,6.082762530298219,0.9681528487735253,0.983947584362869,0.0400869480035857,0.2250364439939196,0.9583261106424636,0.8431153558055039,0.793939393939394,0.03222058064084954,0.0,,0.276489787698451,0.49004092039712754
main_corrected_inverse_map_2026-08-31_v2,complete_case,lgbm,2,AIME,653,37,67,1.1844826659653336,0.8826530612244898,0.4297767291087308,X ~= Y A^T,SVD normal-system solve,1.271194894505283,1.271194894505283,55.28076644804466,55.28076644804466,70.27262807309332,70.27262807309332,55.280766448044666,7.027262807309331e-11,2.3714866246407698,1,True,1.0,0.0,0.0,1.0,rms,6.082762530298219,0.6583369678154787,0.811379669338269,0.016721338789360662,0.21422469453888854,0.9223464705265648,0.7274916666983187,0.49816849816849806,0.03529552010229171,0.0,,0.10421213994772177,0.37502067954193274
main_corrected_inverse_map_2026-08-31_v2,complete_case,lgbm,2,HuberAIME,653,37,67,1.1844826659653336,0.8826530612244898,0.4297767291087308,X ~= Y A^T,SVD normal-system solve,1.2658827161059294,1.2658827161059294,53.21905302452945,53.21905302452945,67.36907939127681,67.36907939127681,53.21905302452946,6.736907939127681e-11,2.321187758245171,7,True,0.960844003508075,0.15328467153284672,0.0,1.0,rms,6.082762530298219,0.6532745487227192,0.8082540125002283,0.02428246464339434,0.22514019439026647,0.929912837415079,0.7870112769312791,0.5384615384615384,0.035194337580253,0.0,,0.10239347020935065,0.3657102714648733
main_corrected_inverse_map_2026-08-31_v2,complete_case,lgbm,2,RidgeAIME,653,37,67,1.1844826659653336,0.8826530612244898,0.4297767291087308,X ~= Y A^T,SVD normal-system solve,1.271194894505283,1.2711458456474127,55.28076644804466,55.29076644804466,70.27262807309332,70.28262807309332,55.29076644804466,7.028262807309332e-11,2.3710659941852352,1,True,1.0,0.0,0.01,1.0,rms,6.082762530298219,0.6583313466007515,0.8113762053454313,0.016729734520971595,0.21422374673041533,0.9223447963302582,0.7272187573562192,0.49816849816849806,0.035296181347544475,0.0,,0.10419538243919202,0.3749436419206682
main_corrected_inverse_map_2026-08-31_v2,complete_case,lgbm,2,HuberRidgeAIME,653,37,67,1.1844826659653336,0.8826530612244898,0.4297767291087308,X ~= Y A^T,SVD normal-system solve,1.26588279058069,1.2658328398874583,53.21904916326134,53.22904916326132,67.3690784668402,67.37907846684021,53.22904916326132,6.737907846684022e-11,2.3207579663579745,7,True,0.9608439506676392,0.15328467153284672,0.01,1.0,rms,6.082762530298219,0.6532699633363734,0.8082511758954474,0.02428931328287154,0.22513952813541513,0.9299118072388458,0.7869257073904826,0.5384615384615384,0.03519500444412758,0.0,,0.10237635851889101,0.3656298499103857
main_corrected_inverse_map_2026-08-31_v2,complete_case,svm,2,AIME,653,37,67,0.017852250020951033,0.8622448979591837,0.3869100170886209,X ~= Y A^T,SVD normal-system solve,1.8488391514433344,1.8488391514433344,37.5231847874164,37.5231847874164,69.37433312181837,69.37433312181837,37.523184787416405,6.937433312181835e-11,2.8673448455613757,1,True,1.0,0.0,0.0,1.0,rms,6.082762530298219,0.7062092976848408,0.8403625989326516,0.06308741554772002,0.2781522880999526,0.9486487394236501,0.8063129308882896,0.6456876456876456,0.03608025271505283,0.0,,0.2668991292883209,0.45747992716979274
main_corrected_inverse_map_2026-08-31_v2,complete_case,svm,2,HuberAIME,653,37,67,0.017852250020951033,0.8622448979591837,0.3869100170886209,X ~= Y A^T,SVD normal-system solve,1.8086748893013542,1.8086748893013542,36.91348710410978,36.91348710410978,66.76449720175272,66.76449720175272,36.91348710410978,6.676449720175271e-11,2.829128132786786,7,True,0.96222922430614,0.145985401459854,0.0,1.0,rms,6.082762530298219,0.7054792972824877,0.8399281500714735,0.06405589127561262,0.2798678892849929,0.9529067366483664,0.8474932196134841,0.6237096237096236,0.03524405132643497,0.0,,0.2573605091088383,0.4516526173410781
main_corrected_inverse_map_2026-08-31_v2,complete_case,svm,2,RidgeAIME,653,37,67,0.017852250020951033,0.8622448979591837,0.3869100170886209,X ~= Y A^T,SVD normal-system solve,1.8488391514433344,1.8486129944688456,37.5231847874164,37.5331847874164,69.37433312181837,69.38433312181836,37.5331847874164,6.938433312181836e-11,2.8665986348853165,1,True,1.0,0.0,0.01,1.0,rms,6.082762530298219,0.7062101430072556,0.8403631018834987,0.06308629407677513,0.27814970694023056,0.9486451508312366,0.8062287652923164,0.6456876456876456,0.03608161836182675,0.0,,0.26684600150069254,0.4573668897176852
main_corrected_inverse_map_2026-08-31_v2,complete_case,svm,2,HuberRidgeAIME,653,37,67,0.017852250020951033,0.8622448979591837,0.3869100170886209,X ~= Y A^T,SVD normal-system solve,1.8086742936029354,1.8084552801022908,36.91349061694533,36.92349061694533,66.76448156602218,66.77448156602217,36.92349061694533,6.677448156602217e-11,2.828376800268429,7,True,0.9622290673862985,0.145985401459854,0.01,1.0,rms,6.082762530298219,0.7054806075719215,0.839928930072016,0.064054152942991,0.27986561056150383,0.9529036713648459,0.8474926543190122,0.6237096237096236,0.03524511329754513,0.0,,0.25730777389667897,0.4515372662905439
main_corrected_inverse_map_2026-08-31_v2,complete_case,mlp,2,AIME,653,37,67,0.024996666004881263,0.7959183673469388,0.553020070508071,X ~= Y A^T,SVD normal-system solve,11.182876215621832,11.182876215621832,6.138187469623734,6.138187469623734,68.6425906610832,68.6425906610832,6.138187469623731,6.86425906610832e-11,7.844769990672681,1,True,1.0,0.0,0.0,1.0,rms,6.082762530298219,0.8960081113524595,0.9465770498762683,0.06051593924154863,0.27706961151387277,0.9530298385335361,0.8787339568078908,0.6153846153846153,0.017039087443912606,0.0,,1.0485535176759193,0.894580214558259
main_corrected_inverse_map_2026-08-31_v2,complete_case,mlp,2,HuberAIME,653,37,67,0.024996666004881263,0.7959183673469388,0.553020070508071,X ~= Y A^T,SVD normal-system solve,11.474216223705653,11.474216223705653,5.758825613090827,5.758825613090827,66.07801027921842,66.07801027921842,5.758825613090828,6.607801027921842e-11,7.869309251946362,7,True,0.9630491735924983,0.15328467153284672,0.0,1.0,rms,6.082762530298219,0.8934342767565182,0.9452165237428503,0.06321466099113815,0.2811721791248594,0.9637638061910115,0.9103228141480397,0.7379953379953379,0.012014141215701856,0.0,,1.0597230296040683,0.8959366127613781
main_corrected_inverse_map_2026-08-31_v2,complete_case,mlp,2,RidgeAIME,653,37,67,0.024996666004881263,0.7959183673469388,0.553020070508071,X ~= Y A^T,SVD normal-system solve,11.182876215621832,11.166313812042022,6.138187469623734,6.148187469623735,68.6425906610832,68.6525906610832,6.148187469623729,6.865259066108321e-11,7.832100824166497,1,True,1.0,0.0,0.01,1.0,rms,6.082762530298219,0.8959697865792283,0.9465568057857005,0.06055612360274665,0.2770404580557596,0.9530229132714212,0.8792082276165226,0.6153846153846153,0.017045239565209366,0.0,,1.0479098288630693,0.8938782695889156
main_corrected_inverse_map_2026-08-31_v2,complete_case,mlp,2,HuberRidgeAIME,653,37,67,0.024996666004881263,0.7959183673469388,0.553020070508071,X ~= Y A^T,SVD normal-system solve,11.474201664889016,11.456045119398594,5.758829577418739,5.768829577418738,66.0779719250302,66.08797192503019,5.76882957741874,6.608797192503019e-11,7.8557302080518605,7,True,0.9630486123430413,0.15328467153284672,0.01,1.0,rms,6.082762530298219,0.8933961586703176,0.9451963598482157,0.06325462863647346,0.28114179092035246,0.9637584650152708,0.9103228141480397,0.7379953379953379,0.01202199371789991,0.0,,1.0590347154270527,0.8951865599155652
