pipeline_version,dataset,learner,repeat,method,model_fit_time_sec,model_test_accuracy,model_test_log_loss,explain_time_sec,n_explanation_fit,n_explanation_val,orientation,solver,cond_raw,cond_reg,lambda_min_raw,lambda_min_reg,lambda_max_raw,lambda_max_reg,system_min_singular_value,solver_svd_tolerance,coef_fro_norm,mean_iter,converged,mean_huber_weight,frac_downweighted,ridge_lambda,huber_delta,residual_mode,effective_delta_on_l2_norm,clean_target_reconstruction_mse,clean_target_reconstruction_rmse,clean_target_reconstruction_r2,clean_target_reconstruction_cosine,bootstrap_cosine_flat,bootstrap_spearman_global,bootstrap_topk_jaccard,irrelevant_decoy_mass_ratio,irrelevant_decoy_topk_infiltration,error,log10_cond_raw,log10_cond_reg,log10_coef_norm
main_corrected_inverse_map_2026-08-31_v2,breast_cancer,lgbm,0,AIME,1.1422010000096634,0.935672514619883,0.3509590460274741,0.00025216699577867985,119,52,X ~= Y A^T,SVD normal-system solve,1.6873546273270734,1.6873546273270734,43.305205411665426,43.305205411665426,73.07123873872308,73.07123873872308,43.30520541166543,7.307123873872308e-11,4.86026158263163,1,True,1.0,0.0,0.0,1.0,rms,5.477225575051661,0.7376119929408291,0.8588434042017375,0.24621404130220925,0.5100977970330336,0.9849747969092463,0.9518353726362625,0.8030303030303031,0.019625736650282184,0.0,,0.22720636682499054,0.22720636682499054,0.6866596439199691
main_corrected_inverse_map_2026-08-31_v2,breast_cancer,lgbm,0,HuberAIME,1.1422010000096634,0.935672514619883,0.3509590460274741,0.0005938339745625854,119,52,X ~= Y A^T,SVD normal-system solve,1.7326302757815057,1.7326302757815057,41.55487943764555,41.55487943764555,71.99924222011504,71.99924222011504,41.55487943764555,7.199924222011503e-11,4.754519657517652,9,True,0.9741775588923809,0.11764705882352941,0.0,1.0,rms,5.477225575051661,0.7353185478312892,0.8575071707171255,0.2485577758634151,0.5117541900287661,0.9875510418438713,0.9624026696329254,0.9356060606060606,0.0202555641943037,0.0,,0.23870589894095234,0.23870589894095234,0.6771066473245483
main_corrected_inverse_map_2026-08-31_v2,breast_cancer,lgbm,0,RidgeAIME,1.1422010000096634,0.935672514619883,0.3509590460274741,0.00014025007840245962,119,52,X ~= Y A^T,SVD normal-system solve,1.6873546273270734,1.6871959406440038,43.305205411665426,43.315205411665424,73.07123873872308,73.08123873872309,43.31520541166542,7.308123873872308e-11,4.859239868544175,1,True,1.0,0.0,0.01,1.0,rms,5.477225575051661,0.7376045883142941,0.8588390933779704,0.24622160829347972,0.5100969978860019,0.984974749073471,0.9518353726362625,0.8030303030303031,0.019626046098668123,0.0,,0.22720636682499054,0.22716552182980004,0.686568337839276
main_corrected_inverse_map_2026-08-31_v2,breast_cancer,lgbm,0,HuberRidgeAIME,1.1422010000096634,0.935672514619883,0.3509590460274741,0.0005308340769261122,119,52,X ~= Y A^T,SVD normal-system solve,1.7326412322419873,1.7324649667163994,41.554635500537735,41.56463550053772,71.99927485901833,72.00927485901835,41.56463550053773,7.200927485901833e-11,4.753466336251501,9,True,0.9741757772545282,0.11764705882352941,0.01,1.0,rms,5.477225575051661,0.7353142170269956,0.857504645484207,0.2485622016312954,0.511752079293169,0.9875510081356115,0.9624026696329254,0.9356060606060606,0.020256228337502027,0.0,,0.23870864523677207,0.23866446122578758,0.6770104226107694
main_corrected_inverse_map_2026-08-31_v2,breast_cancer,svm,0,AIME,0.007355250068940222,0.9766081871345029,0.08237271585794079,0.00016033404972404242,119,52,X ~= Y A^T,SVD normal-system solve,1.6853448030506522,1.6853448030506522,41.34794004386943,41.34794004386943,69.6855358697853,69.6855358697853,41.34794004386942,6.96855358697853e-11,5.091609766170843,1,True,1.0,0.0,0.0,1.0,rms,5.477225575051661,0.7482154721742016,0.8649944925687109,0.3165994182191779,0.571662301724819,0.9878592119769352,0.9736929922135706,0.9772727272727273,0.020000081934036098,0.0,,0.2266887661824295,0.2266887661824295,0.7068551108313745
main_corrected_inverse_map_2026-08-31_v2,breast_cancer,svm,0,HuberAIME,0.007355250068940222,0.9766081871345029,0.08237271585794079,0.0005310410633683205,119,52,X ~= Y A^T,SVD normal-system solve,1.7293361355523202,1.7293361355523202,39.617021486939684,39.617021486939684,68.51114684031751,68.51114684031751,39.617021486939684,6.85111468403175e-11,4.893641935169507,8,True,0.9653064422916523,0.14285714285714285,0.0,1.0,rms,5.477225575051661,0.7612375419154357,0.8724892789687652,0.30470539788932594,0.5615926157395791,0.9882640181938731,0.9741379310344827,0.9772727272727273,0.019721458865737954,0.0,,0.23787941642440996,0.23787941642440996,0.6896321891128213
main_corrected_inverse_map_2026-08-31_v2,breast_cancer,svm,0,RidgeAIME,0.007355250068940222,0.9766081871345029,0.08237271585794079,0.00013466598466038704,119,52,X ~= Y A^T,SVD normal-system solve,1.6853448030506522,1.685179092475531,41.34794004386943,41.35794004386943,69.6855358697853,69.6955358697853,41.35794004386942,6.96955358697853e-11,5.09045440218647,1,True,1.0,0.0,0.01,1.0,rms,5.477225575051661,0.748234604361916,0.8650055516364713,0.31658194337576584,0.5716564315251398,0.9878587029825284,0.9736929922135706,0.9772727272727273,0.0200002380643669,0.0,,0.2266887661824295,0.2266460623235299,0.7067565516007785
main_corrected_inverse_map_2026-08-31_v2,breast_cancer,svm,0,HuberRidgeAIME,0.007355250068940222,0.9766081871345029,0.08237271585794079,0.0005393750034272671,119,52,X ~= Y A^T,SVD normal-system solve,1.729346355621029,1.7291623017476687,39.61678656556408,39.626786565564075,68.51114546857437,68.52114546857437,39.62678656556408,6.852114546857438e-11,4.892471083894862,8,True,0.9653042674538327,0.14285714285714285,0.01,1.0,rms,5.477225575051661,0.7612610673130025,0.8725027606334563,0.3046839104021225,0.5615835050091914,0.9882638862208983,0.9741379310344827,0.9772727272727273,0.01972163971047819,0.0,,0.23788198301990185,0.23783575871366605,0.6895282675151158
main_corrected_inverse_map_2026-08-31_v2,breast_cancer,mlp,0,AIME,0.029654999962076545,0.9649122807017544,0.10093164046099767,0.00019341707229614258,119,52,X ~= Y A^T,SVD normal-system solve,1.8978843914455874,1.8978843914455874,37.24858266896837,37.24858266896837,70.69350365090568,70.69350365090568,37.248582668968375,7.069350365090566e-11,6.067181581465934,1,True,1.0,0.0,0.0,1.0,rms,5.477225575051661,0.9282956598315781,0.9634810116611423,0.27245489120496047,0.529824008532404,0.9850221664561484,0.9300889877641825,0.7543290043290044,0.016209601399339676,0.0,,0.27826975409421806,0.27826975409421806,0.782986992908212
main_corrected_inverse_map_2026-08-31_v2,breast_cancer,mlp,0,HuberAIME,0.029654999962076545,0.9649122807017544,0.10093164046099767,0.0005523329600691795,119,52,X ~= Y A^T,SVD normal-system solve,1.9650993138901283,1.9650993138901283,34.90484916411252,34.90484916411252,68.59149514383593,68.59149514383593,34.90484916411252,6.859149514383591e-11,5.761988691784122,8,True,0.9612110173183365,0.14285714285714285,0.0,1.0,rms,5.477225575051661,0.9444037666036129,0.9718043870057456,0.2598302773011656,0.5172882075447127,0.9852478198726237,0.9327586206896552,0.8513986013986015,0.014993355585207894,0.0,,0.29338450401655125,0.29338450401655125,0.760572401618713
main_corrected_inverse_map_2026-08-31_v2,breast_cancer,mlp,0,RidgeAIME,0.029654999962076545,0.9649122807017544,0.10093164046099767,0.00014045799616724253,119,52,X ~= Y A^T,SVD normal-system solve,1.8978843914455874,1.8976434041811427,37.24858266896837,37.25858266896837,70.69350365090568,70.70350365090567,37.25858266896836,7.070350365090568e-11,6.065640311298358,1,True,1.0,0.0,0.01,1.0,rms,5.477225575051661,0.9282852169059701,0.9634755922730841,0.2724630757734944,0.5298215346434829,0.9850218985930308,0.9300889877641825,0.7543290043290044,0.016209780754943073,0.0,,0.27826975409421806,0.27821460527437886,0.7828766533452618
main_corrected_inverse_map_2026-08-31_v2,breast_cancer,mlp,0,HuberRidgeAIME,0.029654999962076545,0.9649122807017544,0.10093164046099767,0.0005264580249786377,119,52,X ~= Y A^T,SVD normal-system solve,1.9651241977622107,1.9648477720683153,34.90441711370733,34.91441711370733,68.5915146789317,68.60151467893171,34.91441711370734,6.860151467893171e-11,5.760389352840134,8,True,0.9612076951073811,0.14285714285714285,0.01,1.0,rms,5.477225575051661,0.9443992236022549,0.9718020495976817,0.2598338378461087,0.5172833590389738,0.9852479952459945,0.9327586206896552,0.8513986013986015,0.014994020664436253,0.0,,0.2933900034128588,0.29332890875130163,0.760451838991825
main_corrected_inverse_map_2026-08-31_v2,breast_cancer,lgbm,1,AIME,1.2222276669926941,0.9824561403508771,0.09182513619984772,0.00033079192508012056,119,52,X ~= Y A^T,SVD normal-system solve,1.7634097177484944,1.7634097177484944,42.28107800014851,42.28107800014851,74.55886382234397,74.55886382234397,42.281078000148504,7.455886382234397e-11,4.962804660028065,1,True,1.0,0.0,0.0,1.0,rms,5.477225575051661,0.7280022876406872,0.8532305008851284,0.30089076548059424,0.5552758019897278,0.9777904571338378,0.9184093437152392,0.7453379953379953,0.0276719563734041,0.0,,0.24635322976062213,0.24635322976062213,0.6957271813545927
main_corrected_inverse_map_2026-08-31_v2,breast_cancer,lgbm,1,HuberAIME,1.2222276669926941,0.9824561403508771,0.09182513619984772,0.0006014580139890313,119,52,X ~= Y A^T,SVD normal-system solve,1.8674147662206322,1.8674147662206322,39.08178013987786,39.08178013987786,72.98189332339615,72.98189332339615,39.08178013987785,7.298189332339615e-11,4.724866740625021,9,True,0.956614911965445,0.13445378151260504,0.0,1.0,rms,5.477225575051661,0.7309825211554912,0.854975158209577,0.29802881187605823,0.5522115772291262,0.9836663036798982,0.9484427141268076,0.8446969696969697,0.024453723109428272,0.0,,0.2712407885839261,0.2712407885839261,0.6743895642469031
main_corrected_inverse_map_2026-08-31_v2,breast_cancer,lgbm,1,RidgeAIME,1.2222276669926941,0.9824561403508771,0.09182513619984772,0.00012333306949585676,119,52,X ~= Y A^T,SVD normal-system solve,1.7634097177484944,1.7632292045637177,42.28107800014851,42.2910780001485,74.55886382234397,74.56886382234399,42.2910780001485,7.456886382234399e-11,4.961728763867223,1,True,1.0,0.0,0.01,1.0,rms,5.477225575051661,0.7279971759753674,0.8532275054024966,0.3008956742734503,0.5552749625561514,0.9777905359199672,0.9184093437152392,0.7453379953379953,0.027672040766811182,0.0,,0.24635322976062213,0.24630877049963468,0.6956330195945123
main_corrected_inverse_map_2026-08-31_v2,breast_cancer,lgbm,1,HuberRidgeAIME,1.2222276669926941,0.9824561403508771,0.09182513619984772,0.0005741659551858902,119,52,X ~= Y A^T,SVD normal-system solve,1.8674171100097636,1.8671952173135191,39.081737794427234,39.09173779442723,72.98190584622866,72.99190584622866,39.09173779442723,7.299190584622867e-11,4.723746218120901,9,True,0.956614660116281,0.13445378151260504,0.01,1.0,rms,5.477225575051661,0.7309848206083034,0.8549765029568376,0.29802660368423983,0.5522084563376228,0.9836667564283321,0.9484427141268076,0.8446969696969697,0.024454078620712843,0.0,,0.2712413336658576,0.27118972628858745,0.6742865572246461
main_corrected_inverse_map_2026-08-31_v2,breast_cancer,svm,1,AIME,0.0059523750096559525,0.9766081871345029,0.10662104861229722,0.0001662920694798231,119,52,X ~= Y A^T,SVD normal-system solve,1.8998338555453742,1.8998338555453742,38.58199800668738,38.58199800668738,73.29938602768883,73.29938602768883,38.58199800668737,7.329938602768883e-11,4.704505245307016,1,True,1.0,0.0,0.0,1.0,rms,5.477225575051661,0.6626943832468815,0.8140604297267381,0.3370805687203534,0.5911256139928717,0.9872627317958713,0.9621245828698555,0.8901515151515151,0.021793476406341553,0.0,,0.2787156226502863,0.2787156226502863,0.6725139570871551
main_corrected_inverse_map_2026-08-31_v2,breast_cancer,svm,1,HuberAIME,0.0059523750096559525,0.9766081871345029,0.10662104861229722,0.0008782499935477972,119,52,X ~= Y A^T,SVD normal-system solve,1.922615038371215,1.922615038371215,36.71585484980163,36.71585484980163,70.59045468088333,70.59045468088333,36.71585484980163,7.059045468088332e-11,4.617610370894865,8,True,0.9530956252415502,0.16806722689075632,0.0,1.0,rms,5.477225575051661,0.667995757005426,0.8173100739654602,0.33177739463911804,0.5868436291746718,0.9883249546184327,0.9593437152391546,0.8712121212121212,0.022240056821511395,0.0,,0.2838923349676787,0.2838923349676787,0.6644172848156339
main_corrected_inverse_map_2026-08-31_v2,breast_cancer,svm,1,RidgeAIME,0.0059523750096559525,0.9766081871345029,0.10662104861229722,0.00014591601211577654,119,52,X ~= Y A^T,SVD normal-system solve,1.8998338555453742,1.8996006896296347,38.58199800668738,38.591998006687376,73.29938602768883,73.30938602768883,38.59199800668738,7.330938602768883e-11,4.703405040360278,1,True,1.0,0.0,0.01,1.0,rms,5.477225575051661,0.6627181468434389,0.8140750253161184,0.33705679705378544,0.5911182973323791,0.9872627067430411,0.9621245828698555,0.8901515151515151,0.021793994602192026,0.0,,0.2787156226502863,0.2786623185759581,0.6724123802385245
main_corrected_inverse_map_2026-08-31_v2,breast_cancer,svm,1,HuberRidgeAIME,0.0059523750096559525,0.9766081871345029,0.10662104861229722,0.0005739160114899278,119,52,X ~= Y A^T,SVD normal-system solve,1.9226358346704422,1.922384609750704,36.71549027503523,36.72549027503523,70.59051729027686,70.60051729027687,36.72549027503523,7.060051729027687e-11,4.6164480011873446,8,True,0.9530930302675465,0.16806722689075632,0.01,1.0,rms,5.477225575051661,0.6680234653872885,0.8173270247503679,0.3317496768476136,0.5868335576352705,0.9883251655868381,0.9593437152391546,0.8712121212121212,0.022240606357177645,0.0,,0.28389703256390664,0.2838402809298952,0.6643079481118287
main_corrected_inverse_map_2026-08-31_v2,breast_cancer,mlp,1,AIME,0.025037250015884638,0.9122807017543859,0.26176325396158656,0.00016741699073463678,119,52,X ~= Y A^T,SVD normal-system solve,2.9698402437708484,2.9698402437708484,21.88377591027945,21.88377591027945,64.99131838401094,64.99131838401094,21.88377591027946,6.499131838401093e-11,7.4646584990800795,1,True,1.0,0.0,0.0,1.0,rms,5.477225575051661,0.458457695131408,0.6770950414317092,0.45066849561290756,0.6744552095919584,0.9894962223556432,0.9424360400444938,0.7732683982683983,0.012636782210388131,0.0,,0.47273308799908276,0.47273308799908276,0.8730099439622365
main_corrected_inverse_map_2026-08-31_v2,breast_cancer,mlp,1,HuberAIME,0.025037250015884638,0.9122807017543859,0.26176325396158656,0.0005269580287858844,119,52,X ~= Y A^T,SVD normal-system solve,3.0607987978118874,3.0607987978118874,20.749848931764035,20.749848931764035,63.51111266512163,63.51111266512163,20.749848931764035,6.351111266512164e-11,7.368851234212144,8,True,0.9716981308220659,0.11764705882352941,0.0,1.0,rms,5.477225575051661,0.45873026712293874,0.6772962919748924,0.45034189539711567,0.6744804826933317,0.9893486317335792,0.9462736373748608,0.8164335664335665,0.014184842151534859,0.0,,0.4858347821056703,0.4858347821056703,0.8673997888727808
main_corrected_inverse_map_2026-08-31_v2,breast_cancer,mlp,1,RidgeAIME,0.025037250015884638,0.9122807017543859,0.26176325396158656,0.00013729208149015903,119,52,X ~= Y A^T,SVD normal-system solve,2.9698402437708484,2.968940517633227,21.88377591027945,21.89377591027945,64.99131838401094,65.00131838401094,21.893775910279455,6.500131838401093e-11,7.461294228064535,1,True,1.0,0.0,0.01,1.0,rms,5.477225575051661,0.4584717128564512,0.6771053927243906,0.4506516993456231,0.6744522532512969,0.9894952083009318,0.9427141268075638,0.7732683982683983,0.012637141094925164,0.0,,0.47273308799908276,0.4726014966454089,0.8728141662602525
main_corrected_inverse_map_2026-08-31_v2,breast_cancer,mlp,1,HuberRidgeAIME,0.025037250015884638,0.9122807017543859,0.26176325396158656,0.0005136249819770455,119,52,X ~= Y A^T,SVD normal-system solve,3.06084445037536,3.0598517270518464,20.749504703496726,20.759504703496727,63.51100631973539,63.52100631973539,20.759504703496727,6.35210063197354e-11,7.365277666608991,8,True,0.9716940877685539,0.11764705882352941,0.01,1.0,rms,5.477225575051661,0.4587494122189905,0.6773104252992054,0.4503189554300753,0.6744765401617323,0.9893479994959271,0.9462736373748608,0.8164335664335665,0.014185695616563696,0.0,,0.4858412596658931,0.48570038214061123,0.8671891241322134
main_corrected_inverse_map_2026-08-31_v2,breast_cancer,lgbm,2,AIME,1.170352292014286,0.9707602339181286,0.12277322688632118,0.00022970896679908037,119,52,X ~= Y A^T,SVD normal-system solve,1.7849075326367343,1.7849075326367343,41.92020490662747,41.92020490662747,74.82368950751476,74.82368950751476,41.92020490662749,7.482368950751472e-11,5.0401191445856774,1,True,1.0,0.0,0.0,1.0,rms,5.477225575051661,0.6590345533739499,0.8118094316857558,0.30585339736472306,0.5621246987366033,0.9827492005387353,0.9366518353726363,0.8097319347319347,0.02107902018890967,0.0,,0.25161572234972385,0.25161572234972385,0.7024408029583251
main_corrected_inverse_map_2026-08-31_v2,breast_cancer,lgbm,2,HuberAIME,1.170352292014286,0.9707602339181286,0.12277322688632118,0.0006080829771235585,119,52,X ~= Y A^T,SVD normal-system solve,1.8717029994510097,1.8717029994510097,38.88534210852453,38.88534210852453,72.78181145920402,72.78181145920402,38.88534210852453,7.278181145920402e-11,4.892029940307,9,True,0.9572422978446569,0.17647058823529413,0.0,1.0,rms,5.477225575051661,0.6579022761217105,0.8111117531645751,0.30704600009527716,0.5622724535805883,0.9852282114701949,0.9479421579532814,0.7840909090909091,0.022359692638147213,0.0,,0.2722369363183852,0.2722369363183852,0.6894891063508232
main_corrected_inverse_map_2026-08-31_v2,breast_cancer,lgbm,2,RidgeAIME,1.170352292014286,0.9707602339181286,0.12277322688632118,0.00017224997282028198,119,52,X ~= Y A^T,SVD normal-system solve,1.7849075326367343,1.7847203388144322,41.92020490662747,41.93020490662747,74.82368950751476,74.83368950751475,41.930204906627466,7.483368950751474e-11,5.03901716315679,1,True,1.0,0.0,0.01,1.0,rms,5.477225575051661,0.6590219719819679,0.811801682667613,0.3058666490682279,0.5621269399340668,0.9827485200653886,0.9366518353726363,0.8097319347319347,0.02107953942460908,0.0,,0.25161572234972385,0.2515701729271653,0.702345837588075
main_corrected_inverse_map_2026-08-31_v2,breast_cancer,lgbm,2,HuberRidgeAIME,1.170352292014286,0.9707602339181286,0.12277322688632118,0.0005922080017626286,119,52,X ~= Y A^T,SVD normal-system solve,1.8717248245984734,1.871500701406278,38.88489597481214,38.89489597481214,72.78182509798513,72.79182509798514,38.89489597481214,7.279182509798514e-11,4.8908373164157934,9,True,0.9572386838391209,0.17647058823529413,0.01,1.0,rms,5.477225575051661,0.6578936493461212,0.8111064352759884,0.30705508648829904,0.5622740835597113,0.985227343341294,0.9479421579532814,0.7840909090909091,0.0223605390182177,0.0,,0.2722420004155474,0.2721899942165743,0.6893832171541467
main_corrected_inverse_map_2026-08-31_v2,breast_cancer,svm,2,AIME,0.0061442910227924585,0.9766081871345029,0.12315015382775185,0.00020591693464666605,119,52,X ~= Y A^T,SVD normal-system solve,1.8028485562144578,1.8028485562144578,40.65672147471741,40.65672147471741,73.29791161110762,73.29791161110762,40.656721474717415,7.32979116111076e-11,4.975868331057377,1,True,1.0,0.0,0.0,1.0,rms,5.477225575051661,0.5319675787477071,0.7293610757009912,0.30139632185614473,0.5632790648956308,0.9867356118250068,0.9474972191323693,0.8513986013986015,0.01634008546364202,0.0,,0.25595924643245477,0.25595924643245477,0.6968688797511329
main_corrected_inverse_map_2026-08-31_v2,breast_cancer,svm,2,HuberAIME,0.0061442910227924585,0.9766081871345029,0.12315015382775185,0.0005916249938309193,119,52,X ~= Y A^T,SVD normal-system solve,1.893005410404948,1.893005410404948,38.22102062538701,38.22102062538701,72.35259883505672,72.35259883505672,38.22102062538702,7.235259883505672e-11,4.722574330790191,9,True,0.9657574617651643,0.15966386554621848,0.0,1.0,rms,5.477225575051661,0.5268600372119909,0.7258512500588471,0.30810377442594894,0.5653618534612745,0.9864164364254968,0.9521134593993326,0.8551864801864802,0.016523618672592635,0.0,,0.27715185522404817,0.27715185522404817,0.6741788022101692
main_corrected_inverse_map_2026-08-31_v2,breast_cancer,svm,2,RidgeAIME,0.0061442910227924585,0.9766081871345029,0.12315015382775185,0.0001378749730065465,119,52,X ~= Y A^T,SVD normal-system solve,1.8028485562144578,1.8026511347044114,40.65672147471741,40.66672147471742,73.29791161110762,73.30791161110761,40.66672147471741,7.330791161110761e-11,4.974742516378008,1,True,1.0,0.0,0.01,1.0,rms,5.477225575051661,0.5319451500569541,0.7293456999646698,0.30142577621855693,0.5632811544799984,0.9867351254920326,0.9474972191323693,0.8513986013986015,0.016340231626489954,0.0,,0.25595924643245477,0.25591168627166827,0.6967706073711799
main_corrected_inverse_map_2026-08-31_v2,breast_cancer,svm,2,HuberRidgeAIME,0.0061442910227924585,0.9766081871345029,0.12315015382775185,0.0006052079843357205,119,52,X ~= Y A^T,SVD normal-system solve,1.893014066274095,1.8927804817623044,38.22087667188279,38.23087667188279,72.35265716520155,72.36265716520155,38.230876671882804,7.236265716520152e-11,4.721407666414651,9,True,0.9657564741596038,0.15966386554621848,0.01,1.0,rms,5.477225575051661,0.5268440797823964,0.7258402577581354,0.3081247304380327,0.5653628463375069,0.9864159474501458,0.9521134593993326,0.8551864801864802,0.016523853272591833,0.0,,0.2771538410544063,0.27710024888855034,0.6740715008825603
main_corrected_inverse_map_2026-08-31_v2,breast_cancer,mlp,2,AIME,0.019808375043794513,0.9122807017543859,0.4138653490793386,0.00020766688976436853,119,52,X ~= Y A^T,SVD normal-system solve,5.313178672637519,5.313178672637519,11.337671869282856,11.337671869282856,60.23907637323602,60.23907637323602,11.33767186928286,6.023907637323603e-11,11.387047378181268,1,True,1.0,0.0,0.0,1.0,rms,5.477225575051661,0.6105634875683585,0.7813856202723202,0.36077748094101736,0.6077343083561358,0.9921577018555969,0.9625139043381534,0.8295454545454546,0.011354536246904039,0.0,,0.7253544206972039,0.7253544206972039,1.0564111276262842
main_corrected_inverse_map_2026-08-31_v2,breast_cancer,mlp,2,HuberAIME,0.019808375043794513,0.9122807017543859,0.4138653490793386,0.0005229589296504855,119,52,X ~= Y A^T,SVD normal-system solve,5.369258249521914,5.369258249521914,10.773266711616968,10.773266711616968,57.84445116564922,57.84445116564922,10.773266711616971,5.784445116564922e-11,11.320123057910667,8,True,0.9611521118620315,0.13445378151260504,0.0,1.0,rms,5.477225575051661,0.6065791612056661,0.7788319210238279,0.3649488262411704,0.6101339039505923,0.9927732175358261,0.964238042269188,0.7992424242424243,0.011117415260621794,0.0,,0.7299142930757432,0.7299142930757432,1.0538511479724886
main_corrected_inverse_map_2026-08-31_v2,breast_cancer,mlp,2,RidgeAIME,0.019808375043794513,0.9122807017543859,0.4138653490793386,0.00013783399481326342,119,52,X ~= Y A^T,SVD normal-system solve,5.313178672637519,5.309377735562209,11.337671869282856,11.34767186928286,60.23907637323602,60.249076373236015,11.347671869282859,6.024907637323602e-11,11.377038228842359,1,True,1.0,0.0,0.01,1.0,rms,5.477225575051661,0.6105041818831309,0.7813476702999318,0.3608395703555951,0.6077267436338101,0.9921559526622373,0.9625139043381534,0.8295454545454546,0.011355104528866145,0.0,,0.7253544206972039,0.7250436243116853,1.0560292173943864
main_corrected_inverse_map_2026-08-31_v2,breast_cancer,mlp,2,HuberRidgeAIME,0.019808375043794513,0.9122807017543859,0.4138653490793386,0.0005472920602187514,119,52,X ~= Y A^T,SVD normal-system solve,5.369352447132557,5.365300389681394,10.77304663690716,10.78304663690716,57.84428432295063,57.85428432295063,10.783046636907164,5.785428432295063e-11,11.309256172906936,8,True,0.9611519672183323,0.13445378151260504,0.01,1.0,rms,5.477225575051661,0.6065165277042457,0.7787917100895757,0.36501439967517135,0.6101342656474268,0.9927710379553777,0.964238042269188,0.7992424242424243,0.011119514084386417,0.0,,0.7299219122182314,0.7295940420389664,1.0534340416517867
main_corrected_inverse_map_2026-08-31_v2,credit_approval,lgbm,0,AIME,1.2955078330123797,0.8647342995169082,0.42092231407947767,0.00026658293791115284,144,63,X ~= Y A^T,SVD normal-system solve,1.3336431448100217,1.3336431448100217,54.383870371766335,54.383870371766335,72.52867590954301,72.52867590954301,54.38387037176634,7.252867590954301e-11,2.3678331558229133,1,True,1.0,0.0,0.0,1.0,rms,6.48074069840786,1.0213823793840924,1.0106346418880032,0.034856446960971565,0.22628798992134785,0.9044945834139269,0.7426068826435641,0.5590659340659341,0.042118084569942045,0.0,,0.12503963694728976,0.12503963694728976,0.3743510975195322
main_corrected_inverse_map_2026-08-31_v2,credit_approval,lgbm,0,HuberAIME,1.2955078330123797,0.8647342995169082,0.42092231407947767,0.0005506250308826566,144,63,X ~= Y A^T,SVD normal-system solve,1.3398998845394723,1.3398998845394723,52.063214960590166,52.063214960590166,69.75949571444849,69.75949571444849,52.063214960590166,6.975949571444848e-11,2.3692370545983867,7,True,0.9608355433930539,0.1736111111111111,0.0,1.0,rms,6.48074069840786,1.023384073617428,1.0116244726267885,0.032964968976375464,0.22220722339589674,0.9202227712786683,0.8133267315046198,0.6267066267066267,0.03673437103909857,0.0,,0.12707234969586187,0.12707234969586187,0.37460851633838277
main_corrected_inverse_map_2026-08-31_v2,credit_approval,lgbm,0,RidgeAIME,1.2955078330123797,0.8647342995169082,0.42092231407947767,0.00015562493354082108,144,63,X ~= Y A^T,SVD normal-system solve,1.3336431448100217,1.3335818064381555,54.383870371766335,54.39387037176634,72.52867590954301,72.53867590954302,54.39387037176634,7.253867590954302e-11,2.3674045714812157,1,True,1.0,0.0,0.01,1.0,rms,6.48074069840786,1.0213829238104009,1.0106349112366944,0.03485593251158181,0.22628677227364138,0.9044922785777829,0.7426068826435641,0.5590659340659341,0.04211842989674009,0.0,,0.12503963694728976,0.125019661941865,0.37427248190365114
main_corrected_inverse_map_2026-08-31_v2,credit_approval,lgbm,0,HuberRidgeAIME,1.2955078330123797,0.8647342995169082,0.42092231407947767,0.0006665830733254552,144,63,X ~= Y A^T,SVD normal-system solve,1.3398999056127112,1.3398346321572674,52.063220775695726,52.073220775695724,69.75950460324844,69.76950460324845,52.07322077569572,6.976950460324843e-11,2.3687888325652398,7,True,0.9608356695857698,0.1736111111111111,0.01,1.0,rms,6.48074069840786,1.0233843220939525,1.0116245954374343,0.032964734181336386,0.2222056992110568,0.9202208182918494,0.8133267315046198,0.6267066267066267,0.036734729972270806,0.0,,0.12707235652621643,0.12705119928013847,0.3745263469451039
main_corrected_inverse_map_2026-08-31_v2,credit_approval,svm,0,AIME,0.02208137500565499,0.8357487922705314,0.407872946484594,0.00021075003314763308,144,63,X ~= Y A^T,SVD normal-system solve,1.8184123222404294,1.8184123222404294,39.796097952075044,39.796097952075044,72.36571489314038,72.36571489314038,39.796097952075044,7.23657148931404e-11,2.7832209054131147,1,True,1.0,0.0,0.0,1.0,rms,6.48074069840786,0.6971853043999975,0.8349762298413036,0.017531932471398504,0.21531037751767496,0.9040359707631134,0.7392036966321905,0.45861430236430234,0.038961349728365666,0.0,,0.25969236566835047,0.25969236566835047,0.4445476778376426
main_corrected_inverse_map_2026-08-31_v2,credit_approval,svm,0,HuberAIME,0.02208137500565499,0.8357487922705314,0.407872946484594,0.00057050003670156,144,63,X ~= Y A^T,SVD normal-system solve,1.7771154637312938,1.7771154637312938,38.84042189832768,38.84042189832768,69.0239143733657,69.0239143733657,38.84042189832769,6.90239143733657e-11,2.7587010931503855,7,True,0.952343717797806,0.1736111111111111,0.0,1.0,rms,6.48074069840786,0.6917859738184622,0.8317367214560519,0.025140626815514544,0.22881718829664816,0.930004628083903,0.8498609814500238,0.6237928737928737,0.03457100767682563,0.0,,0.2497156459439018,0.2497156459439018,0.440704646971456
main_corrected_inverse_map_2026-08-31_v2,credit_approval,svm,0,RidgeAIME,0.02208137500565499,0.8357487922705314,0.407872946484594,0.000158791895955801,144,63,X ~= Y A^T,SVD normal-system solve,1.8184123222404294,1.818206722504624,39.796097952075044,39.80609795207504,72.36571489314038,72.37571489314038,39.806097952075035,7.237571489314038e-11,2.7825435218857844,1,True,1.0,0.0,0.01,1.0,rms,6.48074069840786,0.6971822428083074,0.8349743964986636,0.01753624684241628,0.21530692693508205,0.9040283835342146,0.7392036966321905,0.45861430236430234,0.03896222442977743,0.0,,0.25969236566835047,0.2596432591604993,0.44444196587899004
main_corrected_inverse_map_2026-08-31_v2,credit_approval,svm,0,HuberRidgeAIME,0.02208137500565499,0.8357487922705314,0.407872946484594,0.0006679580546915531,144,63,X ~= Y A^T,SVD normal-system solve,1.7771145030845676,1.77691447597702,38.84045945069259,38.85045945069258,69.02394379629386,69.03394379629387,38.85045945069258,6.903394379629386e-11,2.758001973287485,7,True,0.9523442763967489,0.1736111111111111,0.01,1.0,rms,6.48074069840786,0.691783888057019,0.8317354675959292,0.025143566054195543,0.22881518902624637,0.9299994338141079,0.8498609814500238,0.6237928737928737,0.034571922230358355,0.0,,0.2497154111793671,0.24966652543890602,0.440594572567735
main_corrected_inverse_map_2026-08-31_v2,credit_approval,mlp,0,AIME,0.030200707959011197,0.8019323671497585,0.4657074795581009,0.00020816700998693705,144,63,X ~= Y A^T,SVD normal-system solve,3.8399115004178537,3.8399115004178537,19.0316044420272,19.0316044420272,73.07967676834375,73.07967676834375,19.031604442027202,7.307967676834375e-11,4.814576589098382,1,True,1.0,0.0,0.0,1.0,rms,6.48074069840786,1.2079990204070767,1.0990900874846778,0.021162273386260533,0.19796602916955364,0.9533126572136296,0.8497517381495998,0.6616716616716616,0.020919652298301356,0.0,,0.5843212151688111,0.5843212151688111,0.6825580997463969
main_corrected_inverse_map_2026-08-31_v2,credit_approval,mlp,0,HuberAIME,0.030200707959011197,0.8019323671497585,0.4657074795581009,0.0005703340284526348,144,63,X ~= Y A^T,SVD normal-system solve,3.86669257776238,3.86669257776238,18.29294636718081,18.29294636718081,70.73319994338334,70.73319994338334,18.29294636718081,7.073319994338332e-11,4.8042326124766666,7,True,0.9701030959832972,0.13194444444444445,0.0,1.0,rms,6.48074069840786,1.2079637850911729,1.0990740580557676,0.02119082444957543,0.19791546960794063,0.9620380289332181,0.8814909123797461,0.7141608391608392,0.016824676730939948,0.0,,0.5873396447679934,0.5873396447679934,0.6816240270134116
main_corrected_inverse_map_2026-08-31_v2,credit_approval,mlp,0,RidgeAIME,0.030200707959011197,0.8019323671497585,0.4657074795581009,0.00016391708049923182,144,63,X ~= Y A^T,SVD normal-system solve,3.8399115004178537,3.8384200759378087,19.0316044420272,19.041604442027193,73.07967676834375,73.08967676834374,19.041604442027197,7.308967676834373e-11,4.812086559017769,1,True,1.0,0.0,0.01,1.0,rms,6.48074069840786,1.2079815475810132,1.0990821386871015,0.021176431561104048,0.19795729267933584,0.9533061992257305,0.8498373174594882,0.6616716616716616,0.02092090757354538,0.0,,0.5843212151688111,0.5841525021030719,0.6823334307554367
main_corrected_inverse_map_2026-08-31_v2,credit_approval,mlp,0,HuberRidgeAIME,0.030200707959011197,0.8019323671497585,0.4657074795581009,0.0005613750545307994,144,63,X ~= Y A^T,SVD normal-system solve,3.8667021712439427,3.8651359152401343,18.29289661633628,18.302896616336273,70.73318306472846,70.74318306472846,18.30289661633627,7.074318306472845e-11,4.801638565641817,7,True,0.9701026146554393,0.13194444444444445,0.01,1.0,rms,6.48074069840786,1.2079459398963726,1.0990659397399105,0.021205284353610354,0.19790602080562864,0.9620325261911223,0.8814909123797461,0.7141608391608392,0.016826496583959336,0.0,,0.5873407222756701,0.5871647702338924,0.6813894662468409
main_corrected_inverse_map_2026-08-31_v2,credit_approval,lgbm,1,AIME,1.3588925839867443,0.821256038647343,0.511257347243598,0.00029620807617902756,144,63,X ~= Y A^T,SVD normal-system solve,1.5340896721244202,1.5340896721244202,50.353771036990366,50.353771036990366,77.24720010036468,77.24720010036468,50.353771036990366,7.724720010036468e-11,2.5736675174631527,1,True,1.0,0.0,0.0,1.0,rms,6.48074069840786,1.0424808701920782,1.021019524882888,0.013421304204177864,0.16402169882280826,0.9094887396285688,0.7909274137610343,0.5888278388278387,0.03013562970191248,0.0,,0.18585074616484892,0.18585074616484892,0.410552441302778
main_corrected_inverse_map_2026-08-31_v2,credit_approval,lgbm,1,HuberAIME,1.3588925839867443,0.821256038647343,0.511257347243598,0.0006276250351220369,144,63,X ~= Y A^T,SVD normal-system solve,1.6058151516452057,1.6058151516452057,46.993916550107954,46.993916550107954,75.46354323131375,75.46354323131375,46.99391655010796,7.546354323131374e-11,2.3826076037637143,8,True,0.9593112846375728,0.14583333333333334,0.0,1.0,rms,6.48074069840786,1.0400347483924959,1.0198209393773476,0.015736254745519873,0.1642179033225089,0.9163890455829281,0.7757943979240134,0.6468531468531469,0.03301038595399628,0.0,,0.20569555137802387,0.20569555137802387,0.3770525234407078
main_corrected_inverse_map_2026-08-31_v2,credit_approval,lgbm,1,RidgeAIME,1.3588925839867443,0.821256038647343,0.511257347243598,0.00014820799697190523,144,63,X ~= Y A^T,SVD normal-system solve,1.5340896721244202,1.5339836257221897,50.353771036990366,50.363771036990364,77.24720010036468,77.25720010036468,50.36377103699037,7.725720010036467e-11,2.5731726709726996,1,True,1.0,0.0,0.01,1.0,rms,6.48074069840786,1.0424736300077915,1.0210159793107019,0.013428156139570935,0.1640220190395147,0.9094862526903678,0.7909274137610343,0.5888278388278387,0.03013639863110629,0.0,,0.18585074616484892,0.18582072382648754,0.41046893021908903
main_corrected_inverse_map_2026-08-31_v2,credit_approval,lgbm,1,HuberRidgeAIME,1.3588925839867443,0.821256038647343,0.511257347243598,0.0006114999996498227,144,63,X ~= Y A^T,SVD normal-system solve,1.6058150071491726,1.6056861210833928,46.993918032888224,47.00391803288823,75.46353882195004,75.47353882195004,47.00391803288822,7.547353882195004e-11,2.3821205659899514,8,True,0.9593113229255847,0.14583333333333334,0.01,1.0,rms,6.48074069840786,1.0400292538215525,1.0198182454837492,0.015741454674641053,0.16421826006405463,0.9163865098143754,0.7757475519798723,0.6468531468531469,0.033011285685964835,0.0,,0.20569551229891028,0.20566065351794935,0.3769637385989184
main_corrected_inverse_map_2026-08-31_v2,credit_approval,svm,1,AIME,0.020622999989427626,0.821256038647343,0.42506109868391695,0.00024204200599342585,144,63,X ~= Y A^T,SVD normal-system solve,2.186969529711929,2.186969529711929,33.90521004011981,33.90521004011981,74.149661256225,74.149661256225,33.90521004011982,7.4149661256225e-11,3.1028270173968084,1,True,1.0,0.0,0.0,1.0,rms,6.48074069840786,0.8629914644596748,0.9289733389391079,0.005995322306973083,0.16223862980947867,0.9349160770821286,0.8159729164059049,0.7103729603729604,0.0451677560033043,0.1111111111111111,,0.33984273220537514,0.33984273220537514,0.4917575643421056
main_corrected_inverse_map_2026-08-31_v2,credit_approval,svm,1,HuberAIME,0.020622999989427626,0.821256038647343,0.42506109868391695,0.0005108340410515666,144,63,X ~= Y A^T,SVD normal-system solve,2.1437919516867634,2.1437919516867634,33.33548557783513,33.33548557783513,71.46434568733312,71.46434568733312,33.335485577835136,7.14643456873331e-11,3.0792468726729227,6,True,0.9629586877972918,0.1388888888888889,0.0,1.0,rms,6.48074069840786,0.8601325157364751,0.927433294494259,0.009288296248406325,0.16700705400721436,0.9457351924706813,0.894383104437058,0.7074592074592074,0.04236398386067336,0.1111111111111111,,0.33118263614267074,0.33118263614267074,0.48844450902062997
main_corrected_inverse_map_2026-08-31_v2,credit_approval,svm,1,RidgeAIME,0.020622999989427626,0.821256038647343,0.42506109868391695,0.0001564159756526351,144,63,X ~= Y A^T,SVD normal-system solve,2.186969529711929,2.1866195482350905,33.90521004011981,33.91521004011982,74.149661256225,74.159661256225,33.91521004011982,7.415966125622501e-11,3.101941007633352,1,True,1.0,0.0,0.01,1.0,rms,6.48074069840786,0.862980758745954,0.9289675768001562,0.006007653285846848,0.16223542224084936,0.9349090459346114,0.8159991382240911,0.7103729603729604,0.04516917605566132,0.1111111111111111,,0.33984273220537514,0.3397732263502183,0.4916335341923096
main_corrected_inverse_map_2026-08-31_v2,credit_approval,svm,1,HuberRidgeAIME,0.020622999989427626,0.821256038647343,0.42506109868391695,0.0004826249787583947,144,63,X ~= Y A^T,SVD normal-system solve,2.1437928838090485,2.143449870698639,33.33545675055086,33.345456750550845,71.46431496035524,71.47431496035526,33.34545675055085,7.147431496035524e-11,3.078338244537747,6,True,0.9629581607507524,0.1388888888888889,0.01,1.0,rms,6.48074069840786,0.8601221464966426,0.9274277041886567,0.009300239672324295,0.16700497027989158,0.9457301576855422,0.894383104437058,0.7074592074592074,0.042365791460798156,0.1111111111111111,,0.33118282497418333,0.331113331031377,0.48831633793389334
main_corrected_inverse_map_2026-08-31_v2,credit_approval,mlp,1,AIME,0.03056399989873171,0.8309178743961353,0.43454132738993095,0.0001989580923691392,144,63,X ~= Y A^T,SVD normal-system solve,3.8981315628440534,3.8981315628440534,18.593238080366824,18.593238080366824,72.4788882165519,72.4788882165519,18.593238080366834,7.247888821655187e-11,4.921485312370753,1,True,1.0,0.0,0.0,1.0,rms,6.48074069840786,1.19472619675452,1.0930353135898767,0.01844960144012875,0.19862255906022386,0.9429865495975707,0.814901341278677,0.6215034965034965,0.01769195822194569,0.0,,0.5908564925684141,0.5908564925684141,0.6920961933397575
main_corrected_inverse_map_2026-08-31_v2,credit_approval,mlp,1,HuberAIME,0.03056399989873171,0.8309178743961353,0.43454132738993095,0.0005589169450104237,144,63,X ~= Y A^T,SVD normal-system solve,3.941376632140275,3.941376632140275,17.937462235060607,17.937462235060607,70.69829449316654,70.69829449316654,17.93746223506061,7.069829449316654e-11,4.846820706609415,7,True,0.974215866392306,0.09722222222222222,0.0,1.0,rms,6.48074069840786,1.1894469978451827,1.0906177138874935,0.02278682934022258,0.20609077210000648,0.9632149354051678,0.8959735537902334,0.7074592074592074,0.018034019012758872,0.0,,0.5956479373890137,0.5956479373890137,0.6854569546164325
main_corrected_inverse_map_2026-08-31_v2,credit_approval,mlp,1,RidgeAIME,0.03056399989873171,0.8309178743961353,0.43454132738993095,0.0001504579558968544,144,63,X ~= Y A^T,SVD normal-system solve,3.8981315628440534,3.896573698804296,18.593238080366824,18.603238080366825,72.4788882165519,72.48888821655189,18.603238080366825,7.24888882165519e-11,4.91887973538866,1,True,1.0,0.0,0.01,1.0,rms,6.48074069840786,1.1947111716103034,1.0930284404398192,0.018461945637765043,0.19861350960926874,0.9429810583357852,0.814901341278677,0.6215034965034965,0.01769294992184799,0.0,,0.5908564925684141,0.5906828947883006,0.6918662043654764
main_corrected_inverse_map_2026-08-31_v2,credit_approval,mlp,1,HuberRidgeAIME,0.03056399989873171,0.8309178743961353,0.43454132738993095,0.0005384169053286314,144,63,X ~= Y A^T,SVD normal-system solve,3.941376849102294,3.939737966970583,17.93745816182486,17.947458161824862,70.6982823307575,70.70828233075748,17.94745816182486,7.07082823307575e-11,4.8441621649687825,7,True,0.9742157574748328,0.09722222222222222,0.01,1.0,rms,6.48074069840786,1.1894369946926049,1.0906131278746853,0.022795047623563325,0.20607884477494143,0.963210672578279,0.8959735537902334,0.7074592074592074,0.018035229307203398,0.0,,0.595647961295738,0.5954673377435726,0.6852186733174764
main_corrected_inverse_map_2026-08-31_v2,credit_approval,lgbm,2,AIME,1.26529983303044,0.8743961352657005,0.3482357812202646,0.0002524580340832472,144,63,X ~= Y A^T,SVD normal-system solve,1.3438197427298129,1.3438197427298129,55.858237339588776,55.858237339588776,75.06340213102702,75.06340213102702,55.858237339588776,7.506340213102702e-11,2.324346340993459,1,True,1.0,0.0,0.0,1.0,rms,6.48074069840786,1.308340567546874,1.1438271580736636,0.011593210683218724,0.16225210885233668,0.9113572317259474,0.6664298124956964,0.5464927229633112,0.028392270209017953,0.0,,0.12834101723863314,0.12834101723863314,0.3663008409194483
main_corrected_inverse_map_2026-08-31_v2,credit_approval,lgbm,2,HuberAIME,1.26529983303044,0.8743961352657005,0.3482357812202646,0.0005621659802272916,144,63,X ~= Y A^T,SVD normal-system solve,1.3428929318343081,1.3428929318343081,53.322914541069,53.322914541069,71.60696504200641,71.60696504200641,53.322914541069,7.16069650420064e-11,2.2763146905488174,7,True,0.9564886728085106,0.1388888888888889,0.0,1.0,rms,6.48074069840786,1.3060762108930288,1.142836913515235,0.013303855102272166,0.16598444689220365,0.9212611234748722,0.7098232224887757,0.5527701465201464,0.025119966044631653,0.0,,0.12804138797238365,0.12804138797238365,0.35723230118591626
main_corrected_inverse_map_2026-08-31_v2,credit_approval,lgbm,2,RidgeAIME,1.26529983303044,0.8743961352657005,0.3482357812202646,0.00015625008381903172,144,63,X ~= Y A^T,SVD normal-system solve,1.3438197427298129,1.3437582015466467,55.858237339588776,55.868237339588774,75.06340213102702,75.07340213102702,55.86823733958878,7.507340213102702e-11,2.32394163698617,1,True,1.0,0.0,0.01,1.0,rms,6.48074069840786,1.3083381331912753,1.1438260939457865,0.011595049756057407,0.1622511337602486,0.9113546082042543,0.6664572355087148,0.5464927229633112,0.028392672574777122,0.0,,0.12834101723863314,0.12832112795778797,0.3662252170689268
main_corrected_inverse_map_2026-08-31_v2,credit_approval,lgbm,2,HuberRidgeAIME,1.26529983303044,0.8743961352657005,0.3482357812202646,0.0005821670638397336,144,63,X ~= Y A^T,SVD normal-system solve,1.342892734939276,1.3428284420457604,53.32291382423382,53.33291382423382,71.60695358035669,71.6169535803567,53.33291382423382,7.161695358035669e-11,2.2758972953881855,7,True,0.9564885815166976,0.1388888888888889,0.01,1.0,rms,6.48074069840786,1.3060743676792181,1.1428361070946342,0.013305247587600322,0.16598357564917474,0.9212587452662842,0.7098232224887757,0.5527701465201464,0.0251204216479064,0.0,,0.1280413242960993,0.12802053133432495,0.3571526597210181
main_corrected_inverse_map_2026-08-31_v2,credit_approval,svm,2,AIME,0.0215447919908911,0.8840579710144928,0.3697652672762235,0.00020991603378206491,144,63,X ~= Y A^T,SVD normal-system solve,2.292732793192528,2.292732793192528,32.44835781706846,32.44835781706846,74.39541405243799,74.39541405243799,32.44835781706847,7.439541405243799e-11,3.1558406602930575,1,True,1.0,0.0,0.0,1.0,rms,6.48074069840786,0.7666298545306247,0.8755740143075426,0.050586082194722715,0.26135398881517447,0.9455414707211409,0.8655745476875862,0.5761738261738262,0.034153243693315675,0.0,,0.36035344277875164,0.36035344277875164,0.4991150673819894
main_corrected_inverse_map_2026-08-31_v2,credit_approval,svm,2,HuberAIME,0.0215447919908911,0.8840579710144928,0.3697652672762235,0.000596041907556355,144,63,X ~= Y A^T,SVD normal-system solve,2.292161608234812,2.292161608234812,31.778039185289895,31.778039185289895,72.84040140550296,72.84040140550296,31.778039185289902,7.284040140550294e-11,3.182513854749714,7,True,0.9759694666679225,0.125,0.0,1.0,rms,6.48074069840786,0.766187646193547,0.8753214530636999,0.05113372425080753,0.2623757670539412,0.9477820098324123,0.8630209784005918,0.6062687312687313,0.03444114679067189,0.0,,0.36024523418991766,0.36024523418991766,0.5027703029865733
main_corrected_inverse_map_2026-08-31_v2,credit_approval,svm,2,RidgeAIME,0.0215447919908911,0.8840579710144928,0.3697652672762235,0.0001581660471856594,144,63,X ~= Y A^T,SVD normal-system solve,2.292732793192528,2.292334518948194,32.44835781706846,32.45835781706846,74.39541405243799,74.40541405243799,32.45835781706846,7.440541405243798e-11,3.1549019228713466,1,True,1.0,0.0,0.01,1.0,rms,6.48074069840786,0.7666310884713625,0.8755747189539923,0.05058455405111695,0.261351607817712,0.9455369514329905,0.8655745476875862,0.5761738261738262,0.03415429615785557,0.0,,0.36035344277875164,0.36027799424320867,0.4989858627821061
main_corrected_inverse_map_2026-08-31_v2,credit_approval,svm,2,HuberRidgeAIME,0.0215447919908911,0.8840579710144928,0.3697652672762235,0.0005483749555423856,144,63,X ~= Y A^T,SVD normal-system solve,2.292159794999136,2.2917533029581474,31.7780712216419,31.788071221641896,72.84041721686664,72.85041721686665,31.788071221641896,7.285041721686665e-11,3.1815428268129073,7,True,0.9759698634185597,0.125,0.01,1.0,rms,6.48074069840786,0.7661888060127917,0.8753221155739136,0.05113228790114466,0.26237333839703947,0.9477774863839139,0.8630209784005918,0.6062687312687313,0.03444209207211259,0.0,,0.36024489063710835,0.36016786594356415,0.5026377736584725
main_corrected_inverse_map_2026-08-31_v2,credit_approval,mlp,2,AIME,0.03715633298270404,0.821256038647343,0.40237910465157584,0.00023300002794712782,144,63,X ~= Y A^T,SVD normal-system solve,2.067427880605734,2.067427880605734,34.96730590416083,34.96730590416083,72.2923831359316,72.2923831359316,34.96730590416083,7.229238313593161e-11,3.626297075348861,1,True,1.0,0.0,0.0,1.0,rms,6.48074069840786,0.6495580164497529,0.8059516216558863,0.07149761977012503,0.30211814513232704,0.9192945176431973,0.7660150449438696,0.5151098901098901,0.032799331458482815,0.0,,0.31543036871974384,0.31543036871974384,0.5594633797098012
main_corrected_inverse_map_2026-08-31_v2,credit_approval,mlp,2,HuberAIME,0.03715633298270404,0.821256038647343,0.40237910465157584,0.000556000042706728,144,63,X ~= Y A^T,SVD normal-system solve,2.1336080244350897,2.1336080244350897,32.476178073856566,32.476178073856566,69.29143414136328,69.29143414136328,32.476178073856566,6.929143414136328e-11,3.424526122803385,7,True,0.9553766796203299,0.18055555555555555,0.0,1.0,rms,6.48074069840786,0.641433007886681,0.8008951291440602,0.0831118091098757,0.31893468178122075,0.9456492737247959,0.8505921880437826,0.5665064102564102,0.03314946343244544,0.0,,0.32911463605327,0.32911463605327,0.5346004834225675
main_corrected_inverse_map_2026-08-31_v2,credit_approval,mlp,2,RidgeAIME,0.03715633298270404,0.821256038647343,0.40237910465157584,0.00016012496780604124,144,63,X ~= Y A^T,SVD normal-system solve,2.067427880605734,2.067122703333497,34.96730590416083,34.97730590416082,72.2923831359316,72.3023831359316,34.97730590416083,7.230238313593161e-11,3.6252715606859716,1,True,1.0,0.0,0.01,1.0,rms,6.48074069840786,0.6495546651040055,0.8059495425298072,0.07150241030834426,0.30211654863341136,0.9192897174040928,0.7660924199432508,0.5151098901098901,0.03280041074464718,0.0,,0.31543036871974384,0.3153662568880539,0.5593405441180757
main_corrected_inverse_map_2026-08-31_v2,credit_approval,mlp,2,HuberRidgeAIME,0.03715633298270404,0.821256038647343,0.40237910465157584,0.0005693749990314245,144,63,X ~= Y A^T,SVD normal-system solve,2.1336081280311046,2.133259177068291,32.47617281034499,32.48617281034499,69.29142627549483,69.30142627549483,32.48617281034499,6.930142627549482e-11,3.4234807069260884,7,True,0.955376574080578,0.18055555555555555,0.01,1.0,rms,6.48074069840786,0.6414341520413067,0.8008958434411473,0.08311017361271245,0.3189335764183743,0.9456448698726028,0.8505921880437826,0.5665064102564102,0.033150342630519004,0.0,,0.32911465714016885,0.3290436226002564,0.5344678847375428
main_corrected_inverse_map_2026-08-31_v2,har,lgbm,0,AIME,11.031660791952163,0.9788888888888889,0.05846464131551089,0.0014457079814746976,630,270,X ~= Y A^T,SVD normal-system solve,1.418716692293822,1.418716692293822,83.87965575665876,83.87965575665876,119.00146776583135,119.00146776583135,83.8796557566588,1.1900146776583137e-10,42.2729320707559,1,True,1.0,0.0,0.0,1.0,rms,23.68543856465402,0.49772460394546786,0.70549599853257,0.49865981616041766,0.7067296748717609,0.9949845879955558,0.989433836923796,0.2258986928104575,0.0006810563651287078,0.0,,0.15189567857399036,0.15189567857399036,1.626062371746398
main_corrected_inverse_map_2026-08-31_v2,har,lgbm,0,HuberAIME,11.031660791952163,0.9788888888888889,0.05846464131551089,0.004976666998118162,630,270,X ~= Y A^T,SVD normal-system solve,1.4802617706412136,1.4802617706412136,79.75428156648906,79.75428156648906,118.05721404782899,118.05721404782899,79.75428156648907,1.1805721404782902e-10,41.23179607723906,7,True,0.9842805253998891,0.06666666666666667,0.0,1.0,rms,23.68543856465402,0.49744153821064085,0.7052953553020471,0.4989449381463752,0.706906419370716,0.9953785917146303,0.9922421927981956,0.32414215686274506,0.0006965387501521953,0.0,,0.17033852316001866,0.17033852316001866,1.6152322532938295
main_corrected_inverse_map_2026-08-31_v2,har,lgbm,0,RidgeAIME,11.031660791952163,0.9788888888888889,0.05846464131551089,0.0013898750767111778,630,270,X ~= Y A^T,SVD normal-system solve,1.418716692293822,1.4186667795020118,83.87965575665876,83.8896557566587,119.00146776583135,119.0114677658314,83.88965575665878,1.190114677658314e-10,42.2686183939105,1,True,1.0,0.0,0.01,1.0,rms,23.68543856465402,0.4977230677877313,0.7054949098241116,0.4986613634771384,0.7067298691288068,0.9949844307948872,0.9894361562782019,0.2258986928104575,0.0006810591880769093,0.0,,0.15189567857399036,0.1518803991094575,1.6260180525674381
main_corrected_inverse_map_2026-08-31_v2,har,lgbm,0,HuberRidgeAIME,11.031660791952163,0.9788888888888889,0.05846464131551089,0.0049275829223915935,630,270,X ~= Y A^T,SVD normal-system solve,1.4802665780133264,1.4802063670930878,79.75403219096063,79.7640321909606,118.05722831407796,118.06722831407791,79.76403219096069,1.1806722831407796e-10,41.22745115884967,7,True,0.9842795114782178,0.06666666666666667,0.01,1.0,rms,23.68543856465402,0.4974426458478408,0.7052961405309409,0.49894382246305735,0.7069063110009188,0.9953785494523542,0.9922417849996189,0.32414215686274506,0.0006965423501982068,0.0,,0.17033993359419472,0.1703222679908277,1.6151864858597131
main_corrected_inverse_map_2026-08-31_v2,har,svm,0,AIME,1.1392126659629866,0.97,0.08393525511090742,0.0014647080097347498,630,270,X ~= Y A^T,SVD normal-system solve,1.4189706521587777,1.4189706521587777,81.5556379040033,81.5556379040033,115.7250567038687,115.7250567038687,81.5556379040033,1.1572505670386869e-10,41.95720552004467,1,True,1.0,0.0,0.0,1.0,rms,23.68543856465402,0.4646754683457176,0.6816710851618378,0.5155787073502149,0.7187271270222998,0.9950577322766292,0.9921702163493791,0.5877351814851814,0.0008176417452450162,0.0,,0.15197341326064306,0.15197341326064306,1.6228065551259254
main_corrected_inverse_map_2026-08-31_v2,har,svm,0,HuberAIME,1.1392126659629866,0.97,0.08393525511090742,0.004936250043101609,630,270,X ~= Y A^T,SVD normal-system solve,1.4829823510794056,1.4829823510794056,77.68345102423206,77.68345102423206,115.20318683987752,115.20318683987752,77.68345102423208,1.1520318683987752e-10,41.27137434840139,7,True,0.9830792070414724,0.07301587301587302,0.0,1.0,rms,23.68543856465402,0.4650821289507617,0.6819693020589429,0.5151547661926013,0.7185421897705461,0.9953678071239389,0.9935360952035683,0.628996003996004,0.0008255077213694308,0.0,,0.17113598253584328,0.17113598253584328,1.6156489312469053
main_corrected_inverse_map_2026-08-31_v2,har,svm,0,RidgeAIME,1.1392126659629866,0.97,0.08393525511090742,0.001441541942767799,630,270,X ~= Y A^T,SVD normal-system solve,1.4189706521587777,1.4189192860856465,81.5556379040033,81.5656379040033,115.7250567038687,115.73505670386871,81.56563790400327,1.1573505670386871e-10,41.952880898169134,1,True,1.0,0.0,0.01,1.0,rms,23.68543856465402,0.4646757483581886,0.6816712905485961,0.5155784154389513,0.7187272506959924,0.9950577983734639,0.9921703182990234,0.5877351814851814,0.0008176363560291182,0.0,,0.15197341326064306,0.15195769171921208,1.6227617891270163
main_corrected_inverse_map_2026-08-31_v2,har,svm,0,HuberRidgeAIME,1.1392126659629866,0.97,0.08393525511090742,0.004883334040641785,630,270,X ~= Y A^T,SVD normal-system solve,1.4829896149245003,1.48292744856348,77.68308143518456,77.69308143518461,115.20320302371296,115.21320302371299,77.69308143518462,1.1521320302371296e-10,41.26697893931903,7,True,0.9830780503627008,0.07301587301587302,0.01,1.0,rms,23.68543856465402,0.46508405631204114,0.68197071514255,0.5151527569304257,0.718542120077586,0.9953679112760093,0.993536511497949,0.628996003996004,0.0008255036267374945,0.0,,0.17113810976285568,0.17111990392164222,1.6156026763402844
main_corrected_inverse_map_2026-08-31_v2,har,mlp,0,AIME,0.2091481250245124,0.9566666666666667,0.12493264191548682,0.0014444160042330623,630,270,X ~= Y A^T,SVD normal-system solve,1.4434070836365187,1.4434070836365187,81.47874507566287,81.47874507566287,117.60699780802591,117.60699780802591,81.47874507566281,1.176069978080259e-10,42.35761884139775,1,True,1.0,0.0,0.0,1.0,rms,23.68543856465402,0.44970646414279597,0.6706015688490417,0.5047615761973827,0.7119119205909932,0.9956428266876729,0.9901536608825876,0.34607753357753357,0.0007211780325922936,0.0,,0.15938883230213358,0.15938883230213358,1.6269315380004168
main_corrected_inverse_map_2026-08-31_v2,har,mlp,0,HuberAIME,0.2091481250245124,0.9566666666666667,0.12493264191548682,0.004869707976467907,630,270,X ~= Y A^T,SVD normal-system solve,1.459327178904776,1.459327178904776,80.1183789955271,80.1183789955271,116.91892799796621,116.91892799796621,80.11837899552708,1.1691892799796611e-10,41.49746199323951,7,True,0.9887009057590121,0.05238095238095238,0.0,1.0,rms,23.68543856465402,0.4464586451661185,0.6681756095265065,0.5083382309245321,0.7139525978081981,0.9956673606733444,0.9921339222760381,0.3917124542124542,0.0007486587574359931,0.0,,0.1641526709635996,0.1641526709635996,1.6180215358437242
main_corrected_inverse_map_2026-08-31_v2,har,mlp,0,RidgeAIME,0.2091481250245124,0.9566666666666667,0.12493264191548682,0.0014658329309895635,630,270,X ~= Y A^T,SVD normal-system solve,1.4434070836365187,1.4433526703450614,81.47874507566287,81.48874507566285,117.60699780802591,117.61699780802594,81.48874507566282,1.1761699780802584e-10,42.353312780509405,1,True,1.0,0.0,0.01,1.0,rms,23.68543856465402,0.44970144873386797,0.6705978293536805,0.5047670994073213,0.7119126659810726,0.9956428493369306,0.9901558358083309,0.34607753357753357,0.0007211742674231373,0.0,,0.15938883230213358,0.15937246004102507,1.626887385529222
main_corrected_inverse_map_2026-08-31_v2,har,mlp,0,HuberRidgeAIME,0.2091481250245124,0.9566666666666667,0.12493264191548682,0.004838291089981794,630,270,X ~= Y A^T,SVD normal-system solve,1.459333757025417,1.459276432050311,80.11803428144793,80.12803428144805,116.91895197343656,116.92895197343653,80.12803428144797,1.1692895197343666e-10,41.493112935066115,7,True,0.988699867205605,0.05238095238095238,0.01,1.0,rms,23.68543856465402,0.4464556457488019,0.6681733650399437,0.5083415340273839,0.7139533110886612,0.9956673643059599,0.9921335994354981,0.3917124542124542,0.0007486574613123381,0.0,,0.16415462860209096,0.16413756848185967,1.617976018097413
main_corrected_inverse_map_2026-08-31_v2,har,lgbm,1,AIME,11.1110543749528,0.9777777777777777,0.05719186711838712,0.0014317920431494713,630,270,X ~= Y A^T,SVD normal-system solve,1.3940388115568334,1.3940388115568334,84.71262119372675,84.71262119372675,118.09268177276705,118.09268177276705,84.71262119372669,1.180926817727671e-10,41.26777564741041,1,True,1.0,0.0,0.0,1.0,rms,23.68543856465402,0.44847565958675545,0.6696832531777657,0.5105512081833474,0.7153439736744429,0.9943058549971637,0.9897339851721719,0.5047452547452547,0.0007650258031311859,0.0,,0.1442748651610759,0.1442748651610759,1.615611060830661
main_corrected_inverse_map_2026-08-31_v2,har,lgbm,1,HuberAIME,11.1110543749528,0.9777777777777777,0.05719186711838712,0.004929499933496118,630,270,X ~= Y A^T,SVD normal-system solve,1.437116539838323,1.437116539838323,80.66616623778938,80.66616623778938,115.92668170567484,115.92668170567484,80.66616623778935,1.1592668170567489e-10,40.32966646534493,7,True,0.9817958383736458,0.07301587301587302,0.0,1.0,rms,23.68543856465402,0.44691999594896514,0.6685207520705435,0.5122489986246195,0.7164042122945734,0.9949387978024313,0.992666133402061,0.5821262071262071,0.0008011764780397725,0.0,,0.15749198772816472,0.15749198772816472,1.6056246303175814
main_corrected_inverse_map_2026-08-31_v2,har,lgbm,1,RidgeAIME,11.1110543749528,0.9777777777777777,0.05719186711838712,0.0014272499829530716,630,270,X ~= Y A^T,SVD normal-system solve,1.3940388115568334,1.393992302276785,84.71262119372675,84.72262119372674,118.09268177276705,118.10268177276707,84.72262119372688,1.1810268177276715e-10,41.26362013125676,1,True,1.0,0.0,0.01,1.0,rms,23.68543856465402,0.4484735585489338,0.6696816844956518,0.5105535011738396,0.7153442194700079,0.9943058417645119,0.9897359901818416,0.5047452547452547,0.0007650235559225556,0.0,,0.1442748651610759,0.1442603755640381,1.6155673267408766
main_corrected_inverse_map_2026-08-31_v2,har,lgbm,1,HuberRidgeAIME,11.1110543749528,0.9777777777777777,0.05719186711838712,0.004982750047929585,630,270,X ~= Y A^T,SVD normal-system solve,1.4371234385626512,1.437069255859102,80.66582640647836,80.67582640647846,115.92674981977609,115.93674981977611,80.67582640647835,1.1593674981977606e-10,40.32546748308713,7,True,0.9817948962448081,0.07301587301587302,0.01,1.0,rms,23.68543856465402,0.4469202791482185,0.6685209638808782,0.5122486895520323,0.7164041941485424,0.994938827565252,0.9926649439895452,0.5821262071262071,0.0008011732149636975,0.0,,0.1574940725073971,0.15747769834486133,1.6055794107577954
main_corrected_inverse_map_2026-08-31_v2,har,svm,1,AIME,1.146092624985613,0.9688888888888889,0.07737551742231202,0.001503916922956705,630,270,X ~= Y A^T,SVD normal-system solve,1.4839098592504723,1.4839098592504723,78.34212378584127,78.34212378584127,116.2526498804308,116.2526498804308,78.34212378584121,1.1625264988043074e-10,43.214034250362154,1,True,1.0,0.0,0.0,1.0,rms,23.68543856465402,0.5071910550597961,0.7121734725892254,0.490931823328865,0.7013336979378998,0.9954670004981223,0.9907352581154296,0.34688779357897004,0.000694715078332743,0.0,,0.17140752033713877,0.17140752033713877,1.6356248118073382
main_corrected_inverse_map_2026-08-31_v2,har,svm,1,HuberAIME,1.146092624985613,0.9688888888888889,0.07737551742231202,0.005668333964422345,630,270,X ~= Y A^T,SVD normal-system solve,1.5638466163892337,1.5638466163892337,73.80053055038019,73.80053055038019,115.41270998894232,115.41270998894232,73.80053055038029,1.1541270998894238e-10,41.874964087944576,8,True,0.9819278507387693,0.07301587301587302,0.0,1.0,rms,23.68543856465402,0.5059243308278525,0.7112835797541319,0.4922032357259638,0.7020469179219354,0.995595863889908,0.9927284501220881,0.543040293040293,0.0007300568905540131,0.0,,0.19419415478365673,0.19419415478365673,1.6219544475932195
main_corrected_inverse_map_2026-08-31_v2,har,svm,1,RidgeAIME,1.146092624985613,0.9688888888888889,0.07737551742231202,0.0014262499753385782,630,270,X ~= Y A^T,SVD normal-system solve,1.4839098592504723,1.4838480983388516,78.34212378584127,78.35212378584121,116.2526498804308,116.26264988043079,78.35212378584127,1.1626264988043076e-10,43.209462741865366,1,True,1.0,0.0,0.01,1.0,rms,23.68543856465402,0.5071878566010914,0.7121712270241557,0.4909350336251127,0.7013342049901277,0.9954670308161849,0.9907359887545465,0.34688779357897004,0.0006947134385782227,0.0,,0.17140752033713877,0.17138944445392904,1.6355788664108875
main_corrected_inverse_map_2026-08-31_v2,har,svm,1,HuberRidgeAIME,1.146092624985613,0.9688888888888889,0.07737551742231202,0.005598624935373664,630,270,X ~= Y A^T,SVD normal-system solve,1.5638542069479249,1.5637778144868562,73.80019004407568,73.81019004407565,115.41273767398411,115.42273767398413,73.81019004407567,1.1542273767398414e-10,41.87036960974652,8,True,0.9819268740212793,0.07301587301587302,0.01,1.0,rms,23.68543856465402,0.5059246305015516,0.7112837904110788,0.4922029349431679,0.7020470407371303,0.9955959260483327,0.99273228172955,0.543040293040293,0.0007300564362250918,0.0,,0.19419626274598453,0.19417504744694655,1.621906794632928
main_corrected_inverse_map_2026-08-31_v2,har,mlp,1,AIME,0.20621466694865376,0.9533333333333334,0.14132980849021132,0.0013880830956622958,630,270,X ~= Y A^T,SVD normal-system solve,1.449016051341319,1.449016051341319,79.95840826242168,79.95840826242168,115.86101701195138,115.86101701195138,79.95840826242167,1.158610170119513e-10,42.031527608627535,1,True,1.0,0.0,0.0,1.0,rms,23.68543856465402,0.4600287056588695,0.6782541600748716,0.5195507251012523,0.7212881896327681,0.9952034363060935,0.98909580588679,0.23514858034981873,0.000622139641499278,0.0,,0.161073196354785,0.161073196354785,1.6235751744437263
main_corrected_inverse_map_2026-08-31_v2,har,mlp,1,HuberAIME,0.20621466694865376,0.9533333333333334,0.14132980849021132,0.005512082949280739,630,270,X ~= Y A^T,SVD normal-system solve,1.5223838578573945,1.5223838578573945,75.8243287520558,75.8243287520558,115.43373412500208,115.43373412500208,75.82432875205585,1.1543373412500201e-10,41.178006121927424,8,True,0.9831566124871363,0.07936507936507936,0.0,1.0,rms,23.68543856465402,0.45930375540255775,0.6777195256170193,0.5203078557339674,0.7218880503988528,0.995341131257043,0.9912257463495571,0.39949633699633696,0.0006392740647866771,0.0,,0.1825241703915323,0.1825241703915323,1.6146653138408094
main_corrected_inverse_map_2026-08-31_v2,har,mlp,1,RidgeAIME,0.20621466694865376,0.9533333333333334,0.14132980849021132,0.0013956250622868538,630,270,X ~= Y A^T,SVD normal-system solve,1.449016051341319,1.4489599021617738,79.95840826242168,79.9684082624217,115.86101701195138,115.87101701195134,79.96840826242172,1.1587101701195126e-10,42.02725451286047,1,True,1.0,0.0,0.01,1.0,rms,23.68543856465402,0.460027787522504,0.6782534832365433,0.5195516839934815,0.7212885928697501,0.9952035024491415,0.9890956444665199,0.23514858034981873,0.0006221366981612821,0.0,,0.161073196354785,0.1610563671752237,1.6235310200587343
main_corrected_inverse_map_2026-08-31_v2,har,mlp,1,HuberRidgeAIME,0.20621466694865376,0.9533333333333334,0.14132980849021132,0.005396208958700299,630,270,X ~= Y A^T,SVD normal-system solve,1.5223939840154987,1.5223250973710414,75.8238554767776,75.83385547677752,115.43378142270684,115.4437814227068,75.83385547677753,1.1544378142270674e-10,41.17362253365657,8,True,0.9831553557166056,0.07936507936507936,0.01,1.0,rms,23.68543856465402,0.4593049497601253,0.67772040677563,0.5203066083591401,0.7218883023433191,0.9953412055236106,0.9912261031733118,0.39949633699633696,0.0006392743113613908,0.0,,0.1825270590979115,0.18250740730819293,1.614619078733384
main_corrected_inverse_map_2026-08-31_v2,har,lgbm,2,AIME,10.987725332961418,0.98,0.07126490177054959,0.001506833010353148,630,270,X ~= Y A^T,SVD normal-system solve,1.4104945247581935,1.4104945247581935,84.36792459306021,84.36792459306021,119.00049570372356,119.00049570372356,84.36792459306025,1.190004957037235e-10,42.107553153964844,1,True,1.0,0.0,0.0,1.0,rms,23.68543856465402,0.5061484818514155,0.7114411302781246,0.4930788021169893,0.7028284627071019,0.9952263472475037,0.9914012951410937,0.3500457875457875,0.0006730978987570897,0.0,,0.14937140465521434,0.14937140465521434,1.624360005547418
main_corrected_inverse_map_2026-08-31_v2,har,lgbm,2,HuberAIME,10.987725332961418,0.98,0.07126490177054959,0.004870999953709543,630,270,X ~= Y A^T,SVD normal-system solve,1.4841749541131553,1.4841749541131553,80.17952009353378,80.17952009353378,119.0004355556353,119.0004355556353,80.17952009353372,1.1900043555563534e-10,41.293153581874186,7,True,0.987250426063487,0.06031746031746032,0.0,1.0,rms,23.68543856465402,0.505843269324409,0.7112265949220467,0.49338448059938445,0.702953773259285,0.9954320032000212,0.9925728154943885,0.4676053113553113,0.0006949663973046554,0.0,,0.17148509846821636,0.17148509846821636,1.6158780514604838
main_corrected_inverse_map_2026-08-31_v2,har,lgbm,2,RidgeAIME,10.987725332961418,0.98,0.07126490177054959,0.0013824580237269402,630,270,X ~= Y A^T,SVD normal-system solve,1.4104945247581935,1.4104458752415399,84.36792459306021,84.37792459306027,119.00049570372356,119.01049570372355,84.37792459306021,1.1901049570372349e-10,42.10330667719577,1,True,1.0,0.0,0.01,1.0,rms,23.68543856465402,0.5061468390739425,0.711439975735088,0.49308044740242285,0.7028284842025755,0.9952263544839786,0.9914014140823452,0.3500457875457875,0.0006731006571766202,0.0,,0.14937140465521434,0.1493564250997214,1.624316205461928
main_corrected_inverse_map_2026-08-31_v2,har,lgbm,2,HuberRidgeAIME,10.987725332961418,0.98,0.07126490177054959,0.004913124954327941,630,270,X ~= Y A^T,SVD normal-system solve,1.4841835543738504,1.4841231741197858,80.17905548824622,80.18905548824613,119.00043556088345,119.01043556088347,80.1890554882462,1.1901043556088345e-10,41.28885011185362,7,True,0.9872492529470867,0.06031746031746032,0.01,1.0,rms,23.68543856465402,0.5058437114165897,0.7112269057175703,0.4933840378322799,0.7029535654092459,0.9954320346077378,0.9925745316467329,0.4676053113553113,0.000694970788585853,0.0,,0.17148761504143495,0.17146994650946817,1.615832788008374
main_corrected_inverse_map_2026-08-31_v2,har,svm,2,AIME,1.145071457955055,0.9722222222222222,0.08254814904093359,0.0014919580426067114,630,270,X ~= Y A^T,SVD normal-system solve,1.4884215040386461,1.4884215040386461,78.11850124882396,78.11850124882396,116.27325712201942,116.27325712201942,78.118501248824,1.1627325712201938e-10,42.4011143913107,1,True,1.0,0.0,0.0,1.0,rms,23.68543856465402,0.5323471348413713,0.7296212269673706,0.47871514763677947,0.6924128707594845,0.994348671288694,0.988673819317772,0.3789390756302521,0.0008553658609415218,0.0,,0.17272593588447288,0.17272593588447288,1.6273772709237924
main_corrected_inverse_map_2026-08-31_v2,har,svm,2,HuberAIME,1.145071457955055,0.9722222222222222,0.08254814904093359,0.005489667062647641,630,270,X ~= Y A^T,SVD normal-system solve,1.5706622371173844,1.5706622371173844,73.36502815455616,73.36502815455616,115.23167924741506,115.23167924741506,73.36502815455616,1.1523167924741505e-10,41.04073909152406,8,True,0.9808696953886145,0.06666666666666667,0.0,1.0,rms,23.68543856465402,0.5360023332966024,0.7321218022273359,0.47513590495397395,0.6899058488641908,0.9949742885780894,0.9920994378088819,0.4694368131868132,0.0008617599098951081,0.0,,0.19608280227275934,0.19608280227275934,1.6132151732655593
main_corrected_inverse_map_2026-08-31_v2,har,svm,2,RidgeAIME,1.145071457955055,0.9722222222222222,0.08254814904093359,0.0014090000186115503,630,270,X ~= Y A^T,SVD normal-system solve,1.4884215040386461,1.4883589888878066,78.11850124882396,78.12850124882397,116.27325712201942,116.28325712201938,78.12850124882395,1.1628325712201941e-10,42.39665676649814,1,True,1.0,0.0,0.01,1.0,rms,23.68543856465402,0.5323470190689913,0.72962114763005,0.4787152610033857,0.6924124901274776,0.9943488705520397,0.9886731056702627,0.3789390756302521,0.0008553650028219877,0.0,,0.17272593588447288,0.17270769471075284,1.6273316111892535
main_corrected_inverse_map_2026-08-31_v2,har,svm,2,HuberRidgeAIME,1.145071457955055,0.9722222222222222,0.08254814904093359,0.005412459024228156,630,270,X ~= Y A^T,SVD normal-system solve,1.5706706212397463,1.57059284633957,73.36465171295212,73.37465171295219,115.23170308302014,115.24170308302018,73.37465171295223,1.1524170308302024e-10,41.03629063172008,8,True,0.9808686214882243,0.06666666666666667,0.01,1.0,rms,23.68543856465402,0.5360054505501461,0.7321239311415425,0.4751328524775973,0.689904804723316,0.9949744938014724,0.9921004997843426,0.4694368131868132,0.0008617599078661001,0.0,,0.19608512051042568,0.19606361501728087,1.6131680969628657
main_corrected_inverse_map_2026-08-31_v2,har,mlp,2,AIME,0.23686129099223763,0.9577777777777777,0.10735670836301978,0.001502583036199212,630,270,X ~= Y A^T,SVD normal-system solve,1.5079548133400686,1.5079548133400686,76.20419699817954,76.20419699817954,114.91248566011964,114.91248566011964,76.20419699817951,1.1491248566011971e-10,42.20801209915156,1,True,1.0,0.0,0.0,1.0,rms,23.68543856465402,0.5103714139054856,0.7144028372742409,0.49930621990218316,0.7072162706011419,0.9952164762780251,0.9889467979859644,0.33331124285071656,0.0006417527924744669,0.0,,0.17838832786592543,0.17838832786592543,1.6253948983591164
main_corrected_inverse_map_2026-08-31_v2,har,mlp,2,HuberAIME,0.23686129099223763,0.9577777777777777,0.10735670836301978,0.004895000020042062,630,270,X ~= Y A^T,SVD normal-system solve,1.5762060566709573,1.5762060566709573,72.39068325718583,72.39068325718583,114.10263339652516,114.10263339652516,72.39068325718584,1.1410263339652525e-10,41.408696571406786,7,True,0.9835811237616173,0.06031746031746032,0.0,1.0,rms,23.68543856465402,0.5123093997946306,0.7157579198266901,0.49740498199156624,0.7059404107207592,0.9954023664011165,0.9909980078359857,0.4272116772116772,0.0006537816902786713,0.0,,0.19761299197679533,0.19761299197679533,1.6170915603561655
main_corrected_inverse_map_2026-08-31_v2,har,mlp,2,RidgeAIME,0.23686129099223763,0.9577777777777777,0.10735670836301978,0.0014227499486878514,630,270,X ~= Y A^T,SVD normal-system solve,1.5079548133400686,1.5078881650208125,76.20419699817954,76.21419699817952,114.91248566011964,114.92248566011962,76.21419699817949,1.1492248566011963e-10,42.20367992503576,1,True,1.0,0.0,0.01,1.0,rms,23.68543856465402,0.5103719796261844,0.7144032332136974,0.49930566490864814,0.7072157860496893,0.995216540831585,0.988946186288099,0.33331124285071656,0.0006417490855265095,0.0,,0.17838832786592543,0.1783691325712808,1.6253503206644944
main_corrected_inverse_map_2026-08-31_v2,har,mlp,2,HuberRidgeAIME,0.23686129099223763,0.9577777777777777,0.10735670836301978,0.004852000041864812,630,270,X ~= Y A^T,SVD normal-system solve,1.5762126050538976,1.576133018112813,72.39039599604308,72.40039599604313,114.1026546538063,114.11265465380629,72.40039599604317,1.1411265465380628e-10,41.40429006265838,7,True,0.9835801023028345,0.06031746031746032,0.01,1.0,rms,23.68543856465402,0.5123120737453771,0.7157597877398374,0.4974023587441221,0.7059395565782799,0.995402449162288,0.9909980333233968,0.4272116772116772,0.000653778304450593,0.0,,0.1976147962590824,0.19759286708412271,1.6170453424255369
