pipeline_version,subset,method_a,method_b,contrast_interpretation,metric,metric_role,preferred_direction,n_repeated_pairs,n_condition_clusters,method_a_mean,method_b_mean,a_minus_b_cluster_mean,CI95_low,CI95_high,median_cluster_difference,wilcoxon_p_on_cluster_means
main_corrected_inverse_map_2026-08-31_v2,all_conditions,HuberRidgeAIME,RidgeAIME,Huber contribution beyond ridge,clean_target_reconstruction_r2,clean-target reconstruction,higher is better,243,81,0.28251027775464044,0.26495934910969415,0.017550928644946236,0.013302739418894986,0.02226929420910856,0.011919579332206961,1.9054418299850636e-12
main_corrected_inverse_map_2026-08-31_v2,all_conditions,HuberRidgeAIME,RidgeAIME,Huber contribution beyond ridge,clean_target_reconstruction_cosine,clean-target reconstruction,higher is better,243,81,0.4967000308349394,0.4827924276957767,0.013907603139162771,0.010722360814455953,0.01729766044454974,0.009584854794662978,7.236609312978719e-12
main_corrected_inverse_map_2026-08-31_v2,all_conditions,HuberRidgeAIME,RidgeAIME,Huber contribution beyond ridge,operator_cosine_flat,same-method clean-reference operator recovery,higher is better,243,81,0.9966024821526234,0.9622413525629956,0.03436112958962781,0.024139862188564575,0.04556663946130464,0.01576327228417973,4.612817777347339e-12
main_corrected_inverse_map_2026-08-31_v2,all_conditions,HuberRidgeAIME,RidgeAIME,Huber contribution beyond ridge,operator_topk_jaccard,same-method clean-reference operator recovery,higher is better,243,81,0.8243650026511319,0.6715257170671305,0.1528392855840014,0.11954215217936888,0.18697056485058627,0.12121212121212117,3.077992891573785e-10
main_corrected_inverse_map_2026-08-31_v2,all_conditions,HuberRidgeAIME,RidgeAIME,Huber contribution beyond ridge,bootstrap_cosine_flat,stability/self-consistency,higher is better,243,81,0.9719178202745374,0.9483957946207664,0.023522025653770963,0.01820320372276406,0.029276181679594455,0.014125219823820387,8.080585929050125e-15
main_corrected_inverse_map_2026-08-31_v2,all_conditions,HuberRidgeAIME,RidgeAIME,Huber contribution beyond ridge,irrelevant_decoy_mass_ratio,true irrelevant-decoy attribution,lower is better,243,81,0.015412420006525023,0.018133994832032485,-0.0027215748255074623,-0.0037445328315296404,-0.0017760759577101787,-0.00014721856318684087,3.4559932770653593e-07
main_corrected_inverse_map_2026-08-31_v2,all_conditions,HuberRidgeAIME,RidgeAIME,Huber contribution beyond ridge,clone_mass_ratio,correlated-clone redistribution,descriptive,243,81,0.15348004006214963,0.15411862500129136,-0.0006385849391417421,-0.001479306394768794,0.00020880097795772287,0.0,0.1027561242777566
main_corrected_inverse_map_2026-08-31_v2,all_conditions,HuberRidgeAIME,RidgeAIME,Huber contribution beyond ridge,log10_cond_reg,conditioning diagnostic,lower is better,243,81,0.28824108661025327,0.27640492661233906,0.011836159997914257,0.007786616495658924,0.015932863223711596,0.011975439812323649,1.8439195581372718e-07
main_corrected_inverse_map_2026-08-31_v2,all_conditions,HuberRidgeAIME,RidgeAIME,Huber contribution beyond ridge,log10_coef_norm,regularization diagnostic,diagnostic only,243,81,0.9943698876203159,1.0242278092132522,-0.029857921592936505,-0.03663049883116958,-0.023634288331178088,-0.01897723701807193,5.778809654936665e-15
main_corrected_inverse_map_2026-08-31_v2,all_conditions,HuberRidgeAIME,HuberAIME,ridge contribution beyond Huber,clean_target_reconstruction_r2,clean-target reconstruction,higher is better,243,81,0.28251027775464044,0.2825093564388514,9.213157890018077e-07,-1.1748876864867447e-06,2.9942286172284295e-06,-2.3261063075707966e-08,0.13867203093956323
main_corrected_inverse_map_2026-08-31_v2,all_conditions,HuberRidgeAIME,HuberAIME,ridge contribution beyond Huber,clean_target_reconstruction_cosine,clean-target reconstruction,higher is better,243,81,0.4967000308349394,0.49670285686119364,-2.826026254197559e-06,-4.302726860695827e-06,-1.7085608453400553e-06,-7.468559495941532e-07,2.25561523766491e-12
main_corrected_inverse_map_2026-08-31_v2,all_conditions,HuberRidgeAIME,HuberAIME,ridge contribution beyond Huber,operator_cosine_flat,same-method clean-reference operator recovery,higher is better,243,81,0.9966024821526234,0.9966026096748951,-1.2752227150881973e-07,-2.0940565189229822e-07,-4.3559470963161096e-08,-1.8503717077085943e-16,7.750135496499916e-05
main_corrected_inverse_map_2026-08-31_v2,all_conditions,HuberRidgeAIME,HuberAIME,ridge contribution beyond Huber,operator_topk_jaccard,same-method clean-reference operator recovery,higher is better,243,81,0.8243650026511319,0.8243650026511319,0.0,0.0,0.0,0.0,1.0
main_corrected_inverse_map_2026-08-31_v2,all_conditions,HuberRidgeAIME,HuberAIME,ridge contribution beyond Huber,bootstrap_cosine_flat,stability/self-consistency,higher is better,243,81,0.9719178202745374,0.9719190958093522,-1.2755348147927593e-06,-1.721826486106772e-06,-8.582743810926211e-07,-2.92974948190583e-07,3.903231487096863e-06
main_corrected_inverse_map_2026-08-31_v2,all_conditions,HuberRidgeAIME,HuberAIME,ridge contribution beyond Huber,irrelevant_decoy_mass_ratio,true irrelevant-decoy attribution,lower is better,243,81,0.015412420006525023,0.015411839449881387,5.805566436372143e-07,4.074321032120686e-07,7.842635697894829e-07,3.1490307856746797e-07,7.333634441996821e-13
main_corrected_inverse_map_2026-08-31_v2,all_conditions,HuberRidgeAIME,HuberAIME,ridge contribution beyond Huber,clone_mass_ratio,correlated-clone redistribution,descriptive,243,81,0.15348004006214963,0.15348024467973484,-2.0461758520484617e-07,-4.4628867899617944e-07,-3.373674490664325e-08,0.0,0.04347723004058055
main_corrected_inverse_map_2026-08-31_v2,all_conditions,HuberRidgeAIME,HuberAIME,ridge contribution beyond Huber,log10_cond_reg,conditioning diagnostic,lower is better,243,81,0.28824108661025327,0.2883167169432964,-7.56303330430545e-05,-0.0001016799248002602,-5.4483162855799436e-05,-4.7008825625740234e-05,5.362626265112966e-15
main_corrected_inverse_map_2026-08-31_v2,all_conditions,HuberRidgeAIME,HuberAIME,ridge contribution beyond Huber,log10_coef_norm,regularization diagnostic,diagnostic only,243,81,0.9943698876203159,0.9944971301607357,-0.0001272425404198851,-0.0001552765827805244,-0.0001033571904944955,-0.00010259029658817494,5.362626265112966e-15
main_corrected_inverse_map_2026-08-31_v2,all_conditions,RidgeAIME,AIME,ridge contribution,clean_target_reconstruction_r2,clean-target reconstruction,higher is better,243,81,0.26495934910969415,0.2649456076746935,1.3741435000687402e-05,9.159998603371164e-06,1.9746797607867496e-05,8.327102880974676e-06,1.3121130103183356e-12
main_corrected_inverse_map_2026-08-31_v2,all_conditions,RidgeAIME,AIME,ridge contribution,clean_target_reconstruction_cosine,clean-target reconstruction,higher is better,243,81,0.4827924276957767,0.4827956757958962,-3.248100119485396e-06,-4.787073110487369e-06,-2.01550608024131e-06,-1.0669241377788314e-06,4.1866200840342065e-08
main_corrected_inverse_map_2026-08-31_v2,all_conditions,RidgeAIME,AIME,ridge contribution,operator_cosine_flat,same-method clean-reference operator recovery,higher is better,243,81,0.9622413525629956,0.9622433523397979,-1.9997768021446845e-06,-2.927786422245793e-06,-1.2143959605024054e-06,-5.3326067154616887e-08,9.81724119783718e-07
main_corrected_inverse_map_2026-08-31_v2,all_conditions,RidgeAIME,AIME,ridge contribution,operator_topk_jaccard,same-method clean-reference operator recovery,higher is better,243,81,0.6715257170671305,0.6711827815390098,0.0003429355281207132,0.0,0.0010288065843621398,0.0,0.31731050786291415
main_corrected_inverse_map_2026-08-31_v2,all_conditions,RidgeAIME,AIME,ridge contribution,bootstrap_cosine_flat,stability/self-consistency,higher is better,243,81,0.9483957946207664,0.9483982507937235,-2.4561729571682664e-06,-3.317325248924667e-06,-1.7068503114885084e-06,-9.976174293324647e-07,1.1378162476017253e-08
main_corrected_inverse_map_2026-08-31_v2,all_conditions,RidgeAIME,AIME,ridge contribution,irrelevant_decoy_mass_ratio,true irrelevant-decoy attribution,lower is better,243,81,0.018133994832032485,0.018133497077882352,4.977541501361716e-07,3.469429226216366e-07,6.791436059824031e-07,2.3386116874390037e-07,6.620089764233715e-10
main_corrected_inverse_map_2026-08-31_v2,all_conditions,RidgeAIME,AIME,ridge contribution,clone_mass_ratio,correlated-clone redistribution,descriptive,243,81,0.15411862500129136,0.15411881913265174,-1.9413136037890731e-07,-3.6931637756851715e-07,-4.317958896243354e-08,0.0,0.019404156260965488
main_corrected_inverse_map_2026-08-31_v2,all_conditions,RidgeAIME,AIME,ridge contribution,log10_cond_reg,conditioning diagnostic,lower is better,243,81,0.27640492661233906,0.2764710098444917,-6.608323215260486e-05,-8.534664378904582e-05,-4.999057058010275e-05,-4.393696948305307e-05,5.362626265112966e-15
main_corrected_inverse_map_2026-08-31_v2,all_conditions,RidgeAIME,AIME,ridge contribution,log10_coef_norm,regularization diagnostic,diagnostic only,243,81,1.0242278092132522,1.0243390493667262,-0.00011124015347361458,-0.00013207386889664267,-9.30473872143142e-05,-9.312035992525836e-05,5.362626265112966e-15
main_corrected_inverse_map_2026-08-31_v2,all_conditions,HuberAIME,AIME,Huber contribution,clean_target_reconstruction_r2,clean-target reconstruction,higher is better,243,81,0.2825093564388514,0.2649456076746935,0.01756374876415792,0.01323080768956064,0.02209258734395826,0.01192388645698154,1.8421011369309537e-12
main_corrected_inverse_map_2026-08-31_v2,all_conditions,HuberAIME,AIME,Huber contribution,clean_target_reconstruction_cosine,clean-target reconstruction,higher is better,243,81,0.49670285686119364,0.4827956757958962,0.013907181065297487,0.010650876259768743,0.017255105256287633,0.009585656852847698,7.236609312978719e-12
main_corrected_inverse_map_2026-08-31_v2,all_conditions,HuberAIME,AIME,Huber contribution,operator_cosine_flat,same-method clean-reference operator recovery,higher is better,243,81,0.9966026096748951,0.9622433523397979,0.03435925733509717,0.024173869514588237,0.04576795657078911,0.015763512733757534,2.0140896057134735e-13
main_corrected_inverse_map_2026-08-31_v2,all_conditions,HuberAIME,AIME,Huber contribution,operator_topk_jaccard,same-method clean-reference operator recovery,higher is better,243,81,0.8243650026511319,0.6711827815390098,0.15318222111212212,0.11999921291836402,0.1863407324879633,0.12121212121212117,3.0785718124716286e-10
main_corrected_inverse_map_2026-08-31_v2,all_conditions,HuberAIME,AIME,Huber contribution,bootstrap_cosine_flat,stability/self-consistency,higher is better,243,81,0.9719190958093522,0.9483982507937235,0.023520845015628587,0.018149909709246674,0.02923332831804933,0.014124921916845926,8.080585929050125e-15
main_corrected_inverse_map_2026-08-31_v2,all_conditions,HuberAIME,AIME,Huber contribution,irrelevant_decoy_mass_ratio,true irrelevant-decoy attribution,lower is better,243,81,0.015411839449881387,0.018133497077882352,-0.002721657628000964,-0.0037457664325106096,-0.0017772816317188549,-0.00014722249222845688,3.4559932770653593e-07
main_corrected_inverse_map_2026-08-31_v2,all_conditions,HuberAIME,AIME,Huber contribution,clone_mass_ratio,correlated-clone redistribution,descriptive,243,81,0.15348024467973484,0.15411881913265174,-0.000638574452916916,-0.0014849122331533585,0.00021261845350782385,0.0,0.1027561242777566
main_corrected_inverse_map_2026-08-31_v2,all_conditions,HuberAIME,AIME,Huber contribution,log10_cond_reg,conditioning diagnostic,lower is better,243,81,0.2883167169432964,0.2764710098444917,0.01184570709880471,0.007770949513337133,0.01599337733917805,0.011975617064568345,1.8439195581372718e-07
main_corrected_inverse_map_2026-08-31_v2,all_conditions,HuberAIME,AIME,Huber contribution,log10_coef_norm,regularization diagnostic,diagnostic only,243,81,0.9944971301607357,1.0243390493667262,-0.02984191920599023,-0.03669435128856086,-0.0235432166717879,-0.018970843204480985,5.778809654936665e-15
main_corrected_inverse_map_2026-08-31_v2,outlier_present,HuberRidgeAIME,RidgeAIME,Huber contribution beyond ridge,clean_target_reconstruction_r2,clean-target reconstruction,higher is better,162,54,0.2833712903028597,0.2572350461052397,0.026136244197619993,0.021168166188672004,0.031634112339757145,0.023411008358606933,1.6256984569330967e-10
main_corrected_inverse_map_2026-08-31_v2,outlier_present,HuberRidgeAIME,RidgeAIME,Huber contribution beyond ridge,clean_target_reconstruction_cosine,clean-target reconstruction,higher is better,162,54,0.49840468246733755,0.4778262494898991,0.020578432977438364,0.01678360669069705,0.024576138645047818,0.015979364454792422,1.6256984569330967e-10
main_corrected_inverse_map_2026-08-31_v2,outlier_present,HuberRidgeAIME,RidgeAIME,Huber contribution beyond ridge,operator_cosine_flat,same-method clean-reference operator recovery,higher is better,162,54,0.9949037232289352,0.9433620288444935,0.05154169438444169,0.03819713981875845,0.06653274186464629,0.025422274300639702,1.6256984569330967e-10
main_corrected_inverse_map_2026-08-31_v2,outlier_present,HuberRidgeAIME,RidgeAIME,Huber contribution beyond ridge,operator_topk_jaccard,same-method clean-reference operator recovery,higher is better,162,54,0.7365475039766979,0.5072885756006958,0.22925892837600212,0.1937456710253694,0.2642295432704359,0.23100680995417844,3.077992891573785e-10
main_corrected_inverse_map_2026-08-31_v2,outlier_present,HuberRidgeAIME,RidgeAIME,Huber contribution beyond ridge,bootstrap_cosine_flat,stability/self-consistency,higher is better,162,54,0.9714591240611841,0.938255006891178,0.03320411717000595,0.0266815771835728,0.04021059432817201,0.02295873145467745,1.6256984569330967e-10
main_corrected_inverse_map_2026-08-31_v2,outlier_present,HuberRidgeAIME,RidgeAIME,Huber contribution beyond ridge,irrelevant_decoy_mass_ratio,true irrelevant-decoy attribution,lower is better,162,54,0.016125078230411448,0.020108071073798563,-0.0039829928433871165,-0.005407974468818557,-0.002678108289247673,-0.0027511530051195555,3.013074773885167e-08
main_corrected_inverse_map_2026-08-31_v2,outlier_present,HuberRidgeAIME,RidgeAIME,Huber contribution beyond ridge,clone_mass_ratio,correlated-clone redistribution,descriptive,162,54,0.15607069655233824,0.1565286031952208,-0.0004579066428825552,-0.0015821339878293536,0.0006674852551990274,0.0,0.38754305444549786
main_corrected_inverse_map_2026-08-31_v2,outlier_present,HuberRidgeAIME,RidgeAIME,Huber contribution beyond ridge,log10_cond_reg,conditioning diagnostic,lower is better,162,54,0.3006050313531315,0.2884287731964419,0.012176258156689632,0.00637695334944932,0.018031795481708614,0.011701837016726179,0.00018956648614446662
main_corrected_inverse_map_2026-08-31_v2,outlier_present,HuberRidgeAIME,RidgeAIME,Huber contribution beyond ridge,log10_coef_norm,regularization diagnostic,diagnostic only,162,54,1.0049846969559268,1.0440529366727898,-0.03906823971686292,-0.04859068863052678,-0.030466599151213122,-0.02701350977387775,1.6256984569330967e-10
main_corrected_inverse_map_2026-08-31_v2,outlier_present,HuberRidgeAIME,HuberAIME,ridge contribution beyond Huber,clean_target_reconstruction_r2,clean-target reconstruction,higher is better,162,54,0.2833712903028597,0.2833705921499042,6.981529555308937e-07,-2.040420783877801e-06,3.37388346244387e-06,-7.326118656170166e-08,0.3413865997350308
main_corrected_inverse_map_2026-08-31_v2,outlier_present,HuberRidgeAIME,HuberAIME,ridge contribution beyond Huber,clean_target_reconstruction_cosine,clean-target reconstruction,higher is better,162,54,0.49840468246733755,0.4984081031812832,-3.4207139458204516e-06,-5.515224466734862e-06,-1.8477271945951722e-06,-8.294895288418758e-07,1.2925338941582697e-08
main_corrected_inverse_map_2026-08-31_v2,outlier_present,HuberRidgeAIME,HuberAIME,ridge contribution beyond Huber,operator_cosine_flat,same-method clean-reference operator recovery,higher is better,162,54,0.9949037232289352,0.9949039145123424,-1.9128340724609648e-07,-3.080224924898792e-07,-6.620584409592442e-08,-9.633390302132838e-08,2.229902793404919e-05
main_corrected_inverse_map_2026-08-31_v2,outlier_present,HuberRidgeAIME,HuberAIME,ridge contribution beyond Huber,operator_topk_jaccard,same-method clean-reference operator recovery,higher is better,162,54,0.7365475039766979,0.7365475039766979,0.0,0.0,0.0,0.0,1.0
main_corrected_inverse_map_2026-08-31_v2,outlier_present,HuberRidgeAIME,HuberAIME,ridge contribution beyond Huber,bootstrap_cosine_flat,stability/self-consistency,higher is better,162,54,0.9714591240611841,0.9714604108488314,-1.28678764728779e-06,-1.8438882104584587e-06,-7.844855197135494e-07,-4.269597998485253e-07,0.0001126087228400191
main_corrected_inverse_map_2026-08-31_v2,outlier_present,HuberRidgeAIME,HuberAIME,ridge contribution beyond Huber,irrelevant_decoy_mass_ratio,true irrelevant-decoy attribution,lower is better,162,54,0.016125078230411448,0.016124424678149885,6.535522615627757e-07,4.1205837437645313e-07,9.437579562860047e-07,3.118422007616223e-07,2.907357780217213e-09
main_corrected_inverse_map_2026-08-31_v2,outlier_present,HuberRidgeAIME,HuberAIME,ridge contribution beyond Huber,clone_mass_ratio,correlated-clone redistribution,descriptive,162,54,0.15607069655233824,0.15607097556051433,-2.7900817613447226e-07,-6.180416177886054e-07,-4.572153631544829e-08,0.0,0.014886065393752495
main_corrected_inverse_map_2026-08-31_v2,outlier_present,HuberRidgeAIME,HuberAIME,ridge contribution beyond Huber,log10_cond_reg,conditioning diagnostic,lower is better,162,54,0.3006050313531315,0.3006907467111213,-8.57153579897649e-05,-0.0001242473340960299,-5.50436114025261e-05,-4.935832313489319e-05,1.6256984569330967e-10
main_corrected_inverse_map_2026-08-31_v2,outlier_present,HuberRidgeAIME,HuberAIME,ridge contribution beyond Huber,log10_coef_norm,regularization diagnostic,diagnostic only,162,54,1.0049846969559268,1.0051227863289718,-0.00013808937304492008,-0.00017758249481787547,-0.00010494987413692121,-0.00010587843763883628,1.6256984569330967e-10
main_corrected_inverse_map_2026-08-31_v2,outlier_present,RidgeAIME,AIME,ridge contribution,clean_target_reconstruction_r2,clean-target reconstruction,higher is better,162,54,0.2572350461052397,0.2572165508294963,1.8495275743450417e-05,1.222266990225725e-05,2.7114770542684232e-05,1.0431132782059056e-05,1.7198462727875594e-10
main_corrected_inverse_map_2026-08-31_v2,outlier_present,RidgeAIME,AIME,ridge contribution,clean_target_reconstruction_cosine,clean-target reconstruction,higher is better,162,54,0.4778262494898991,0.47783048463777256,-4.235147873450177e-06,-6.329345765607521e-06,-2.4696435402427728e-06,-1.3963417279568475e-06,6.325290757574261e-07
main_corrected_inverse_map_2026-08-31_v2,outlier_present,RidgeAIME,AIME,ridge contribution,operator_cosine_flat,same-method clean-reference operator recovery,higher is better,162,54,0.9433620288444935,0.9433650285096967,-2.9996652032225087e-06,-4.334172695461746e-06,-1.868400868503824e-06,-1.1646292307580333e-06,1.6886257599636296e-07
main_corrected_inverse_map_2026-08-31_v2,outlier_present,RidgeAIME,AIME,ridge contribution,operator_topk_jaccard,same-method clean-reference operator recovery,higher is better,162,54,0.5072885756006958,0.5067741723085146,0.0005144032921810699,0.0,0.0015432098765432096,0.0,0.31731050786291415
main_corrected_inverse_map_2026-08-31_v2,outlier_present,RidgeAIME,AIME,ridge contribution,bootstrap_cosine_flat,stability/self-consistency,higher is better,162,54,0.938255006891178,0.9382579435480283,-2.93665685012918e-06,-4.13003714799306e-06,-1.8900921258170076e-06,-1.2110546947681953e-06,5.785848444491264e-07
main_corrected_inverse_map_2026-08-31_v2,outlier_present,RidgeAIME,AIME,ridge contribution,irrelevant_decoy_mass_ratio,true irrelevant-decoy attribution,lower is better,162,54,0.020108071073798563,0.020107493261257773,5.778125407932312e-07,3.620335394839993e-07,8.221751853299834e-07,1.6703293674996214e-07,8.250373577552132e-07
main_corrected_inverse_map_2026-08-31_v2,outlier_present,RidgeAIME,AIME,ridge contribution,clone_mass_ratio,correlated-clone redistribution,descriptive,162,54,0.1565286031952208,0.15652889283859853,-2.896433777487356e-07,-5.35956676354004e-07,-8.008439364898825e-08,-1.2105366200184282e-09,0.0026934227556412336
main_corrected_inverse_map_2026-08-31_v2,outlier_present,RidgeAIME,AIME,ridge contribution,log10_cond_reg,conditioning diagnostic,lower is better,162,54,0.2884287731964419,0.2885010968181288,-7.232362168692285e-05,-9.866093293136555e-05,-4.9890571965167535e-05,-4.428412385514927e-05,1.6256984569330967e-10
main_corrected_inverse_map_2026-08-31_v2,outlier_present,RidgeAIME,AIME,ridge contribution,log10_coef_norm,regularization diagnostic,diagnostic only,162,54,1.0440529366727898,1.0441700405486183,-0.00011710387582852982,-0.000145734225816415,-9.276469419057049e-05,-9.280116529416146e-05,1.6256984569330967e-10
main_corrected_inverse_map_2026-08-31_v2,outlier_present,HuberAIME,AIME,Huber contribution,clean_target_reconstruction_r2,clean-target reconstruction,higher is better,162,54,0.2833705921499042,0.2572165508294963,0.026154041320407915,0.021247018786249544,0.03163709650385639,0.023417909458455437,1.6256984569330967e-10
main_corrected_inverse_map_2026-08-31_v2,outlier_present,HuberAIME,AIME,Huber contribution,clean_target_reconstruction_cosine,clean-target reconstruction,higher is better,162,54,0.4984081031812832,0.47783048463777256,0.020577618543510742,0.016753301408368095,0.024552510829653772,0.015979606374449618,1.6256984569330967e-10
main_corrected_inverse_map_2026-08-31_v2,outlier_present,HuberAIME,AIME,Huber contribution,operator_cosine_flat,same-method clean-reference operator recovery,higher is better,162,54,0.9949039145123424,0.9433650285096967,0.05153888600264572,0.03798817611101139,0.06632330396569372,0.02542225513429095,1.6256984569330967e-10
main_corrected_inverse_map_2026-08-31_v2,outlier_present,HuberAIME,AIME,Huber contribution,operator_topk_jaccard,same-method clean-reference operator recovery,higher is better,162,54,0.7365475039766979,0.5067741723085146,0.2297733316681832,0.19481105500054013,0.2656176575466221,0.23100680995417844,3.0785718124716286e-10
main_corrected_inverse_map_2026-08-31_v2,outlier_present,HuberAIME,AIME,Huber contribution,bootstrap_cosine_flat,stability/self-consistency,higher is better,162,54,0.9714604108488314,0.9382579435480283,0.03320246730080311,0.02654873476559629,0.04021182296782145,0.0229586966962515,1.6256984569330967e-10
main_corrected_inverse_map_2026-08-31_v2,outlier_present,HuberAIME,AIME,Huber contribution,irrelevant_decoy_mass_ratio,true irrelevant-decoy attribution,lower is better,162,54,0.016124424678149885,0.020107493261257773,-0.003983068583107887,-0.005392264668299453,-0.002676128998118808,-0.002751274642237977,3.013074773885167e-08
main_corrected_inverse_map_2026-08-31_v2,outlier_present,HuberAIME,AIME,Huber contribution,clone_mass_ratio,correlated-clone redistribution,descriptive,162,54,0.15607097556051433,0.15652889283859853,-0.00045791727808416953,-0.0016221611989430222,0.0006495092377052704,0.0,0.38754305444549786
main_corrected_inverse_map_2026-08-31_v2,outlier_present,HuberAIME,AIME,Huber contribution,log10_cond_reg,conditioning diagnostic,lower is better,162,54,0.3006907467111213,0.2885010968181288,0.012189649892992475,0.006317809763723441,0.018114148209095696,0.011706188234570602,0.00018956648614446662
main_corrected_inverse_map_2026-08-31_v2,outlier_present,HuberAIME,AIME,Huber contribution,log10_coef_norm,regularization diagnostic,diagnostic only,162,54,1.0051227863289718,1.0441700405486183,-0.03904725421964651,-0.04845205943197502,-0.0307707951917257,-0.027005056781752503,1.6256984569330967e-10
main_corrected_inverse_map_2026-08-31_v2,outlier_rate=0.00,HuberRidgeAIME,RidgeAIME,Huber contribution beyond ridge,clean_target_reconstruction_r2,clean-target reconstruction,higher is better,81,27,0.2807882526582018,0.28040795511860306,0.00038029753959872235,-0.000665929371005384,0.0013895959082454842,0.0002199867228921034,0.3607836216688156
main_corrected_inverse_map_2026-08-31_v2,outlier_rate=0.00,HuberRidgeAIME,RidgeAIME,Huber contribution beyond ridge,clean_target_reconstruction_cosine,clean-target reconstruction,higher is better,81,27,0.4932907275701434,0.4927247841075319,0.0005659434626115755,-0.0006347956291616439,0.0018236740801802428,-0.00012516992722248302,0.7857417166233063
main_corrected_inverse_map_2026-08-31_v2,outlier_rate=0.00,HuberRidgeAIME,RidgeAIME,Huber contribution beyond ridge,operator_cosine_flat,same-method clean-reference operator recovery,higher is better,81,27,1.0,1.0,1.0965165675310189e-17,-3.8378079863585644e-17,6.579099405186112e-17,-3.700743415417188e-17,1.0
main_corrected_inverse_map_2026-08-31_v2,outlier_rate=0.00,HuberRidgeAIME,RidgeAIME,Huber contribution beyond ridge,operator_topk_jaccard,same-method clean-reference operator recovery,higher is better,81,27,1.0,1.0,0.0,0.0,0.0,0.0,1.0
main_corrected_inverse_map_2026-08-31_v2,outlier_rate=0.00,HuberRidgeAIME,RidgeAIME,Huber contribution beyond ridge,bootstrap_cosine_flat,stability/self-consistency,higher is better,81,27,0.9728352127012442,0.9686773700799434,0.004157842621300989,0.002223852141298555,0.006325783733524997,0.0013535173142975216,8.195638656616211e-07
main_corrected_inverse_map_2026-08-31_v2,outlier_rate=0.00,HuberRidgeAIME,RidgeAIME,Huber contribution beyond ridge,irrelevant_decoy_mass_ratio,true irrelevant-decoy attribution,lower is better,81,27,0.013987103558752175,0.01418584234850033,-0.00019873878974815436,-0.0005496224340066472,0.00012484284952307597,1.8883342004464312e-05,0.6616804599761963
main_corrected_inverse_map_2026-08-31_v2,outlier_rate=0.00,HuberRidgeAIME,RidgeAIME,Huber contribution beyond ridge,clone_mass_ratio,correlated-clone redistribution,descriptive,81,27,0.1482987270817724,0.14929866861343255,-0.000999941531660116,-0.002190227009586502,-3.791601863836021e-05,0.0,0.17011443450093056
main_corrected_inverse_map_2026-08-31_v2,outlier_rate=0.00,HuberRidgeAIME,RidgeAIME,Huber contribution beyond ridge,log10_cond_reg,conditioning diagnostic,lower is better,81,27,0.263513197124497,0.2523572334441335,0.01115596368036351,0.007557445666574904,0.014502869491560075,0.012518740453651783,1.1354684829711914e-05
main_corrected_inverse_map_2026-08-31_v2,outlier_rate=0.00,HuberRidgeAIME,RidgeAIME,Huber contribution beyond ridge,log10_coef_norm,regularization diagnostic,diagnostic only,81,27,0.9731402689490942,0.9845775542941776,-0.011437285345083674,-0.01387006856316387,-0.009131543671107537,-0.010215010741358554,4.470348358154297e-08
main_corrected_inverse_map_2026-08-31_v2,outlier_rate=0.00,HuberRidgeAIME,HuberAIME,ridge contribution beyond Huber,clean_target_reconstruction_r2,clean-target reconstruction,higher is better,81,27,0.2807882526582018,0.28078688501674587,1.3676414559436353e-06,-1.7744868130547808e-06,4.4456767018527205e-06,1.559259455108375e-06,0.2290707677602768
main_corrected_inverse_map_2026-08-31_v2,outlier_rate=0.00,HuberRidgeAIME,HuberAIME,ridge contribution beyond Huber,clean_target_reconstruction_cosine,clean-target reconstruction,higher is better,81,27,0.4932907275701434,0.4932923642210143,-1.6366508709517751e-06,-2.5088570304133745e-06,-8.578177058216936e-07,-5.013165122376891e-07,3.769993782043457e-06
main_corrected_inverse_map_2026-08-31_v2,outlier_rate=0.00,HuberRidgeAIME,HuberAIME,ridge contribution beyond Huber,operator_cosine_flat,same-method clean-reference operator recovery,higher is better,81,27,1.0,1.0,-3.426614273534434e-17,-7.675615972717132e-17,8.223874256482639e-18,0.0,1.0
main_corrected_inverse_map_2026-08-31_v2,outlier_rate=0.00,HuberRidgeAIME,HuberAIME,ridge contribution beyond Huber,operator_topk_jaccard,same-method clean-reference operator recovery,higher is better,81,27,1.0,1.0,0.0,0.0,0.0,0.0,1.0
main_corrected_inverse_map_2026-08-31_v2,outlier_rate=0.00,HuberRidgeAIME,HuberAIME,ridge contribution beyond Huber,bootstrap_cosine_flat,stability/self-consistency,higher is better,81,27,0.9728352127012442,0.9728364657303941,-1.2530291498026983e-06,-2.0026883026131443e-06,-5.62045656539942e-07,-2.4774542177012176e-07,0.012076601386070251
main_corrected_inverse_map_2026-08-31_v2,outlier_rate=0.00,HuberRidgeAIME,HuberAIME,ridge contribution beyond Huber,irrelevant_decoy_mass_ratio,true irrelevant-decoy attribution,lower is better,81,27,0.013987103558752175,0.013986668993344388,4.3456540778609154e-07,2.734683321893304e-07,6.077135570653392e-07,3.2166013522761755e-07,9.5367431640625e-06
main_corrected_inverse_map_2026-08-31_v2,outlier_rate=0.00,HuberRidgeAIME,HuberAIME,ridge contribution beyond Huber,clone_mass_ratio,correlated-clone redistribution,descriptive,81,27,0.1482987270817724,0.14829878291817575,-5.583640334559402e-08,-2.42485023622009e-07,1.1647945863116999e-07,0.0,0.9133009306692093
main_corrected_inverse_map_2026-08-31_v2,outlier_rate=0.00,HuberRidgeAIME,HuberAIME,ridge contribution beyond Huber,log10_cond_reg,conditioning diagnostic,lower is better,81,27,0.263513197124497,0.2635686574076466,-5.54602831496337e-05,-7.764389604827102e-05,-3.69649973671492e-05,-4.6354567468330034e-05,1.4901161193847656e-08
main_corrected_inverse_map_2026-08-31_v2,outlier_rate=0.00,HuberRidgeAIME,HuberAIME,ridge contribution beyond Huber,log10_coef_norm,regularization diagnostic,diagnostic only,81,27,0.9731402689490942,0.973245817824264,-0.00010554887516981512,-0.00013256270628074084,-8.204192278151297e-05,-0.00010170697757076279,1.4901161193847656e-08
main_corrected_inverse_map_2026-08-31_v2,outlier_rate=0.00,RidgeAIME,AIME,ridge contribution,clean_target_reconstruction_r2,clean-target reconstruction,higher is better,81,27,0.28040795511860306,0.28040372136508784,4.233753515161367e-06,1.4374048615798757e-06,7.260376148121756e-06,2.725519613999694e-06,0.003877997398376465
main_corrected_inverse_map_2026-08-31_v2,outlier_rate=0.00,RidgeAIME,AIME,ridge contribution,clean_target_reconstruction_cosine,clean-target reconstruction,higher is better,81,27,0.4927247841075319,0.4927260581121434,-1.2740046115558327e-06,-2.1686479495647716e-06,-4.7540539775932615e-07,-3.718649400213936e-07,0.022940203547477722
main_corrected_inverse_map_2026-08-31_v2,outlier_rate=0.00,RidgeAIME,AIME,ridge contribution,operator_cosine_flat,same-method clean-reference operator recovery,higher is better,81,27,1.0,1.0,1.0965165675310187e-17,-2.878355989768924e-17,4.6601954120068297e-17,3.700743415417188e-17,1.0
main_corrected_inverse_map_2026-08-31_v2,outlier_rate=0.00,RidgeAIME,AIME,ridge contribution,operator_topk_jaccard,same-method clean-reference operator recovery,higher is better,81,27,1.0,1.0,0.0,0.0,0.0,0.0,1.0
main_corrected_inverse_map_2026-08-31_v2,outlier_rate=0.00,RidgeAIME,AIME,ridge contribution,bootstrap_cosine_flat,stability/self-consistency,higher is better,81,27,0.9686773700799434,0.9686788652851145,-1.4952051712464388e-06,-2.406200894976747e-06,-6.933077676139304e-07,-5.104534254174453e-07,0.005023345351219177
main_corrected_inverse_map_2026-08-31_v2,outlier_rate=0.00,RidgeAIME,AIME,ridge contribution,irrelevant_decoy_mass_ratio,true irrelevant-decoy attribution,lower is better,81,27,0.01418584234850033,0.01418550471113151,3.3763736882205265e-07,2.0045353083995106e-07,4.92440668193026e-07,2.5200235907046897e-07,7.289648056030273e-05
main_corrected_inverse_map_2026-08-31_v2,outlier_rate=0.00,RidgeAIME,AIME,ridge contribution,clone_mass_ratio,correlated-clone redistribution,descriptive,81,27,0.14929866861343255,0.14929867172075817,-3.1073256392509564e-09,-1.4975499378678726e-07,1.3240534764414605e-07,0.0,0.5861803873075235
main_corrected_inverse_map_2026-08-31_v2,outlier_rate=0.00,RidgeAIME,AIME,ridge contribution,log10_cond_reg,conditioning diagnostic,lower is better,81,27,0.2523572334441335,0.2524108358972174,-5.360245308396882e-05,-7.480866031728168e-05,-3.576996727891475e-05,-4.3617892912156675e-05,1.4901161193847656e-08
main_corrected_inverse_map_2026-08-31_v2,outlier_rate=0.00,RidgeAIME,AIME,ridge contribution,log10_coef_norm,regularization diagnostic,diagnostic only,81,27,0.9845775542941776,0.9846770670029416,-9.951270876378413e-05,-0.0001247148298268118,-7.782109280776055e-05,-9.347773700788912e-05,1.4901161193847656e-08
main_corrected_inverse_map_2026-08-31_v2,outlier_rate=0.00,HuberAIME,AIME,Huber contribution,clean_target_reconstruction_r2,clean-target reconstruction,higher is better,81,27,0.28078688501674587,0.28040372136508784,0.00038316365165794,-0.0006271899657269856,0.0013842394436147485,0.00022479456240798168,0.3483276069164276
main_corrected_inverse_map_2026-08-31_v2,outlier_rate=0.00,HuberAIME,AIME,Huber contribution,clean_target_reconstruction_cosine,clean-target reconstruction,higher is better,81,27,0.4932923642210143,0.4927260581121434,0.0005663061088709715,-0.0006047921758313811,0.001805835115632348,-0.00012487181463808708,0.7857417166233063
main_corrected_inverse_map_2026-08-31_v2,outlier_rate=0.00,HuberAIME,AIME,Huber contribution,operator_cosine_flat,same-method clean-reference operator recovery,higher is better,81,27,1.0,1.0,5.61964740859647e-17,2.0559685641206598e-17,9.32039082401366e-17,3.700743415417188e-17,1.0
main_corrected_inverse_map_2026-08-31_v2,outlier_rate=0.00,HuberAIME,AIME,Huber contribution,operator_topk_jaccard,same-method clean-reference operator recovery,higher is better,81,27,1.0,1.0,0.0,0.0,0.0,0.0,1.0
main_corrected_inverse_map_2026-08-31_v2,outlier_rate=0.00,HuberAIME,AIME,Huber contribution,bootstrap_cosine_flat,stability/self-consistency,higher is better,81,27,0.9728364657303941,0.9686788652851145,0.004157600445279546,0.0022326936179641885,0.006355780616719731,0.0013532065378355125,8.195638656616211e-07
main_corrected_inverse_map_2026-08-31_v2,outlier_rate=0.00,HuberAIME,AIME,Huber contribution,irrelevant_decoy_mass_ratio,true irrelevant-decoy attribution,lower is better,81,27,0.013986668993344388,0.01418550471113151,-0.0001988357177871184,-0.0005523333456885921,0.00011705325669938308,1.8881348645100997e-05,0.6616804599761963
main_corrected_inverse_map_2026-08-31_v2,outlier_rate=0.00,HuberAIME,AIME,Huber contribution,clone_mass_ratio,correlated-clone redistribution,descriptive,81,27,0.14829878291817575,0.14929867172075817,-0.0009998888025824094,-0.0021615188610407733,-1.9737765869346397e-05,0.0,0.17011443450093056
main_corrected_inverse_map_2026-08-31_v2,outlier_rate=0.00,HuberAIME,AIME,Huber contribution,log10_cond_reg,conditioning diagnostic,lower is better,81,27,0.2635686574076466,0.2524108358972174,0.011157821510429176,0.0076298574767705764,0.014510219367304518,0.012519990450322075,1.1354684829711914e-05
main_corrected_inverse_map_2026-08-31_v2,outlier_rate=0.00,HuberAIME,AIME,Huber contribution,log10_coef_norm,regularization diagnostic,diagnostic only,81,27,0.973245817824264,0.9846770670029416,-0.011431249178677645,-0.013769705709417724,-0.009159881982107721,-0.010194908677583473,4.470348358154297e-08
main_corrected_inverse_map_2026-08-31_v2,outlier_rate=0.05,HuberRidgeAIME,RidgeAIME,Huber contribution beyond ridge,clean_target_reconstruction_r2,clean-target reconstruction,higher is better,81,27,0.279397524429914,0.2615187063195041,0.017878818110409984,0.013604822175517355,0.022682895363275966,0.013250856619339854,1.4901161193847656e-08
main_corrected_inverse_map_2026-08-31_v2,outlier_rate=0.05,HuberRidgeAIME,RidgeAIME,Huber contribution beyond ridge,clean_target_reconstruction_cosine,clean-target reconstruction,higher is better,81,27,0.4937316393368968,0.47858526586577677,0.015146373471120012,0.011493927932316845,0.01915719425476467,0.011411838658110832,1.4901161193847656e-08
main_corrected_inverse_map_2026-08-31_v2,outlier_rate=0.05,HuberRidgeAIME,RidgeAIME,Huber contribution beyond ridge,operator_cosine_flat,same-method clean-reference operator recovery,higher is better,81,27,0.9965861540315585,0.957764431106708,0.03882172292485052,0.025052987627478693,0.05458432347385365,0.021951603899517298,1.4901161193847656e-08
main_corrected_inverse_map_2026-08-31_v2,outlier_rate=0.05,HuberRidgeAIME,RidgeAIME,Huber contribution beyond ridge,operator_topk_jaccard,same-method clean-reference operator recovery,higher is better,81,27,0.7647565054972463,0.5411616279349338,0.2235948775623125,0.16710305666847347,0.2834591619378341,0.19047619047619047,1.0941137079803782e-05
main_corrected_inverse_map_2026-08-31_v2,outlier_rate=0.05,HuberRidgeAIME,RidgeAIME,Huber contribution beyond ridge,bootstrap_cosine_flat,stability/self-consistency,higher is better,81,27,0.9714789903621037,0.9442772651469818,0.027201725215121826,0.018973260018542295,0.03630347772184872,0.015394273419048901,1.4901161193847656e-08
main_corrected_inverse_map_2026-08-31_v2,outlier_rate=0.05,HuberRidgeAIME,RidgeAIME,Huber contribution beyond ridge,irrelevant_decoy_mass_ratio,true irrelevant-decoy attribution,lower is better,81,27,0.015569263926989766,0.01879003483532986,-0.0032207709083400936,-0.005235084462974806,-0.0014982179103730168,-0.0016650183742578512,4.093348979949951e-05
main_corrected_inverse_map_2026-08-31_v2,outlier_rate=0.05,HuberRidgeAIME,RidgeAIME,Huber contribution beyond ridge,clone_mass_ratio,correlated-clone redistribution,descriptive,81,27,0.15089858982272922,0.1513601231122061,-0.00046153328947688054,-0.0020010347063304625,0.0008868164068370587,0.0,0.7112498505312588
main_corrected_inverse_map_2026-08-31_v2,outlier_rate=0.05,HuberRidgeAIME,RidgeAIME,Huber contribution beyond ridge,log10_cond_reg,conditioning diagnostic,lower is better,81,27,0.28927991327434194,0.27644812792164464,0.012831785352697326,0.005855270297725361,0.020102629671947907,0.011975439812323649,0.0010209232568740845
main_corrected_inverse_map_2026-08-31_v2,outlier_rate=0.05,HuberRidgeAIME,RidgeAIME,Huber contribution beyond ridge,log10_coef_norm,regularization diagnostic,diagnostic only,81,27,0.9953187191339076,1.0263077855916443,-0.030989066457736594,-0.039668620122023865,-0.02333416130874215,-0.02390743492727887,1.4901161193847656e-08
main_corrected_inverse_map_2026-08-31_v2,outlier_rate=0.05,HuberRidgeAIME,HuberAIME,ridge contribution beyond Huber,clean_target_reconstruction_r2,clean-target reconstruction,higher is better,81,27,0.279397524429914,0.2793970284706944,4.959592195517443e-07,-1.9738267640622567e-06,2.82440836857517e-06,-1.2326131004769536e-07,0.6789510101079941
main_corrected_inverse_map_2026-08-31_v2,outlier_rate=0.05,HuberRidgeAIME,HuberAIME,ridge contribution beyond Huber,clean_target_reconstruction_cosine,clean-target reconstruction,higher is better,81,27,0.4937316393368968,0.49373513460706736,-3.4952701705967633e-06,-6.975430122572134e-06,-1.3853887329688781e-06,-8.126505035566112e-07,3.769993782043457e-06
main_corrected_inverse_map_2026-08-31_v2,outlier_rate=0.05,HuberRidgeAIME,HuberAIME,ridge contribution beyond Huber,operator_cosine_flat,same-method clean-reference operator recovery,higher is better,81,27,0.9965861540315585,0.9965862256161567,-7.15845984382239e-08,-2.1502754823729987e-07,1.2871343809936654e-07,-7.051925998702302e-08,0.006998494267463684
main_corrected_inverse_map_2026-08-31_v2,outlier_rate=0.05,HuberRidgeAIME,HuberAIME,ridge contribution beyond Huber,operator_topk_jaccard,same-method clean-reference operator recovery,higher is better,81,27,0.7647565054972463,0.7647565054972463,0.0,0.0,0.0,0.0,1.0
main_corrected_inverse_map_2026-08-31_v2,outlier_rate=0.05,HuberRidgeAIME,HuberAIME,ridge contribution beyond Huber,bootstrap_cosine_flat,stability/self-consistency,higher is better,81,27,0.9714789903621037,0.9714801281123839,-1.1377502801961586e-06,-1.916496110326095e-06,-4.6438296080331543e-07,-1.7501042733532776e-07,0.02142883837223053
main_corrected_inverse_map_2026-08-31_v2,outlier_rate=0.05,HuberRidgeAIME,HuberAIME,ridge contribution beyond Huber,irrelevant_decoy_mass_ratio,true irrelevant-decoy attribution,lower is better,81,27,0.015569263926989766,0.015568672764297159,5.911626926046288e-07,3.085219898367553e-07,1.0030114894039636e-06,4.2781319651667243e-07,2.518296241760254e-06
main_corrected_inverse_map_2026-08-31_v2,outlier_rate=0.05,HuberRidgeAIME,HuberAIME,ridge contribution beyond Huber,clone_mass_ratio,correlated-clone redistribution,descriptive,81,27,0.15089858982272922,0.1508988811245911,-2.913018618599253e-07,-9.080537924678267e-07,6.726275553363157e-08,0.0,0.47239920501692023
main_corrected_inverse_map_2026-08-31_v2,outlier_rate=0.05,HuberRidgeAIME,HuberAIME,ridge contribution beyond Huber,log10_cond_reg,conditioning diagnostic,lower is better,81,27,0.28927991327434194,0.2893610480247784,-8.113475043644347e-05,-0.00013819804619422758,-4.135497881355475e-05,-4.7008825625740234e-05,1.4901161193847656e-08
main_corrected_inverse_map_2026-08-31_v2,outlier_rate=0.05,HuberRidgeAIME,HuberAIME,ridge contribution beyond Huber,log10_coef_norm,regularization diagnostic,diagnostic only,81,27,0.9953187191339076,0.9954516842570962,-0.00013296512318864033,-0.0001934622615763856,-8.887643206655794e-05,-0.00010259029658817494,1.4901161193847656e-08
main_corrected_inverse_map_2026-08-31_v2,outlier_rate=0.05,RidgeAIME,AIME,ridge contribution,clean_target_reconstruction_r2,clean-target reconstruction,higher is better,81,27,0.2615187063195041,0.2615066159721851,1.2090347318900243e-05,7.626212520038589e-06,1.7712481011755674e-05,7.5783326444571015e-06,2.9802322387695312e-08
main_corrected_inverse_map_2026-08-31_v2,outlier_rate=0.05,RidgeAIME,AIME,ridge contribution,clean_target_reconstruction_cosine,clean-target reconstruction,higher is better,81,27,0.47858526586577677,0.47858903995565194,-3.774089875211809e-06,-7.268834599277569e-06,-1.5315116099582087e-06,-1.2174409195394216e-06,0.00018434226512908936
main_corrected_inverse_map_2026-08-31_v2,outlier_rate=0.05,RidgeAIME,AIME,ridge contribution,operator_cosine_flat,same-method clean-reference operator recovery,higher is better,81,27,0.957764431106708,0.9577663626805551,-1.9315738471696543e-06,-3.1219144208347958e-06,-9.143460067802996e-07,-7.475922229419988e-07,0.00042723119258880615
main_corrected_inverse_map_2026-08-31_v2,outlier_rate=0.05,RidgeAIME,AIME,ridge contribution,operator_topk_jaccard,same-method clean-reference operator recovery,higher is better,81,27,0.5411616279349338,0.5401328213505716,0.0010288065843621398,0.0,0.003086419753086419,0.0,0.31731050786291415
main_corrected_inverse_map_2026-08-31_v2,outlier_rate=0.05,RidgeAIME,AIME,ridge contribution,bootstrap_cosine_flat,stability/self-consistency,higher is better,81,27,0.9442772651469818,0.9442797067846543,-2.4416376725106197e-06,-3.849674682956527e-06,-1.2349052739242993e-06,-7.774956678474609e-07,0.0003387331962585449
main_corrected_inverse_map_2026-08-31_v2,outlier_rate=0.05,RidgeAIME,AIME,ridge contribution,irrelevant_decoy_mass_ratio,true irrelevant-decoy attribution,lower is better,81,27,0.01879003483532986,0.018789494677548653,5.40157781208745e-07,2.616344100593913e-07,9.020092620780047e-07,1.0933615441262774e-07,0.0008278489112854004
main_corrected_inverse_map_2026-08-31_v2,outlier_rate=0.05,RidgeAIME,AIME,ridge contribution,clone_mass_ratio,correlated-clone redistribution,descriptive,81,27,0.1513601231122061,0.15136033812572194,-2.150135158378805e-07,-5.906007323781465e-07,6.595370577855788e-08,0.0,0.10243990540645079
main_corrected_inverse_map_2026-08-31_v2,outlier_rate=0.05,RidgeAIME,AIME,ridge contribution,log10_cond_reg,conditioning diagnostic,lower is better,81,27,0.27644812792164464,0.2765174924511499,-6.936452950532958e-05,-0.00011113635973372198,-3.9150928898826886e-05,-4.126574004020833e-05,1.4901161193847656e-08
main_corrected_inverse_map_2026-08-31_v2,outlier_rate=0.05,RidgeAIME,AIME,ridge contribution,log10_coef_norm,regularization diagnostic,diagnostic only,81,27,1.0263077855916443,1.0264225032501337,-0.00011471765848950584,-0.00015970446098658656,-8.157595653272203e-05,-9.054000148848533e-05,1.4901161193847656e-08
main_corrected_inverse_map_2026-08-31_v2,outlier_rate=0.05,HuberAIME,AIME,Huber contribution,clean_target_reconstruction_r2,clean-target reconstruction,higher is better,81,27,0.2793970284706944,0.2615066159721851,0.01789041249850933,0.013603355233204552,0.02269349551153261,0.013266788747164285,1.4901161193847656e-08
main_corrected_inverse_map_2026-08-31_v2,outlier_rate=0.05,HuberAIME,AIME,Huber contribution,clean_target_reconstruction_cosine,clean-target reconstruction,higher is better,81,27,0.49373513460706736,0.47858903995565194,0.0151460946514154,0.011505686122147626,0.01898095756866894,0.011414307327128892,1.4901161193847656e-08
main_corrected_inverse_map_2026-08-31_v2,outlier_rate=0.05,HuberAIME,AIME,Huber contribution,operator_cosine_flat,same-method clean-reference operator recovery,higher is better,81,27,0.9965862256161567,0.9577663626805551,0.03881986293560179,0.025045352244741637,0.05458126345057313,0.02195164109831897,1.4901161193847656e-08
main_corrected_inverse_map_2026-08-31_v2,outlier_rate=0.05,HuberAIME,AIME,Huber contribution,operator_topk_jaccard,same-method clean-reference operator recovery,higher is better,81,27,0.7647565054972463,0.5401328213505716,0.22462368414667466,0.1671562646393515,0.28331845811779305,0.19047619047619047,1.0941137079803782e-05
main_corrected_inverse_map_2026-08-31_v2,outlier_rate=0.05,HuberAIME,AIME,Huber contribution,bootstrap_cosine_flat,stability/self-consistency,higher is better,81,27,0.9714801281123839,0.9442797067846543,0.027200421327729513,0.018849851769545484,0.03684183123685008,0.015393282901014937,1.4901161193847656e-08
main_corrected_inverse_map_2026-08-31_v2,outlier_rate=0.05,HuberAIME,AIME,Huber contribution,irrelevant_decoy_mass_ratio,true irrelevant-decoy attribution,lower is better,81,27,0.015568672764297159,0.018789494677548653,-0.0032208219132514905,-0.005229521472582301,-0.0015157207297470897,-0.0016657109688278167,4.093348979949951e-05
main_corrected_inverse_map_2026-08-31_v2,outlier_rate=0.05,HuberAIME,AIME,Huber contribution,clone_mass_ratio,correlated-clone redistribution,descriptive,81,27,0.1508988811245911,0.15136033812572194,-0.00046145700113085856,-0.0020207137346790124,0.0009082253719741766,0.0,0.7112498505312588
main_corrected_inverse_map_2026-08-31_v2,outlier_rate=0.05,HuberAIME,AIME,Huber contribution,log10_cond_reg,conditioning diagnostic,lower is better,81,27,0.2893610480247784,0.2765174924511499,0.012843555573628441,0.0057903066391572925,0.02028946451630591,0.011975617064568345,0.0010209232568740845
main_corrected_inverse_map_2026-08-31_v2,outlier_rate=0.05,HuberAIME,AIME,Huber contribution,log10_coef_norm,regularization diagnostic,diagnostic only,81,27,0.9954516842570962,1.0264225032501337,-0.03097081899303746,-0.03952417210534268,-0.023163094389435587,-0.023898049817186167,1.4901161193847656e-08
main_corrected_inverse_map_2026-08-31_v2,outlier_rate=0.10,HuberRidgeAIME,RidgeAIME,Huber contribution beyond ridge,clean_target_reconstruction_r2,clean-target reconstruction,higher is better,81,27,0.28734505617580536,0.2529513858909754,0.03439367028483001,0.026676278185174852,0.04320815532193225,0.025019680491626544,1.4901161193847656e-08
main_corrected_inverse_map_2026-08-31_v2,outlier_rate=0.10,HuberRidgeAIME,RidgeAIME,Huber contribution beyond ridge,clean_target_reconstruction_cosine,clean-target reconstruction,higher is better,81,27,0.5030777255977782,0.4770672331140216,0.026010492483756725,0.02011618185442646,0.03234118305562328,0.023791195590354475,1.4901161193847656e-08
main_corrected_inverse_map_2026-08-31_v2,outlier_rate=0.10,HuberRidgeAIME,RidgeAIME,Huber contribution beyond ridge,operator_cosine_flat,same-method clean-reference operator recovery,higher is better,81,27,0.993221292426312,0.9289596265822789,0.0642616658440329,0.04275003303800932,0.08826313471459174,0.042066877258376136,1.4901161193847656e-08
main_corrected_inverse_map_2026-08-31_v2,outlier_rate=0.10,HuberRidgeAIME,RidgeAIME,Huber contribution beyond ridge,operator_topk_jaccard,same-method clean-reference operator recovery,higher is better,81,27,0.7083385024561496,0.4734155232664577,0.23492297918969174,0.19362432938069338,0.2741049387011719,0.2548562548562549,5.588714547658938e-06
main_corrected_inverse_map_2026-08-31_v2,outlier_rate=0.10,HuberRidgeAIME,RidgeAIME,Huber contribution beyond ridge,bootstrap_cosine_flat,stability/self-consistency,higher is better,81,27,0.9714392577602645,0.9322327486353742,0.039206509124890085,0.029529329403399397,0.0495877622027593,0.031480027789651976,1.4901161193847656e-08
main_corrected_inverse_map_2026-08-31_v2,outlier_rate=0.10,HuberRidgeAIME,RidgeAIME,Huber contribution beyond ridge,irrelevant_decoy_mass_ratio,true irrelevant-decoy attribution,lower is better,81,27,0.016680892533833126,0.021426107312267267,-0.0047452147784341385,-0.006803505111991418,-0.0028440976886675434,-0.003006915404457819,6.660819053649902e-06
main_corrected_inverse_map_2026-08-31_v2,outlier_rate=0.10,HuberRidgeAIME,RidgeAIME,Huber contribution beyond ridge,clone_mass_ratio,correlated-clone redistribution,descriptive,81,27,0.16124280328194723,0.16169708327823548,-0.0004542799962882298,-0.0021055179493006696,0.0013569387624167877,0.0,0.34910194464272437
main_corrected_inverse_map_2026-08-31_v2,outlier_rate=0.10,HuberRidgeAIME,RidgeAIME,Huber contribution beyond ridge,log10_cond_reg,conditioning diagnostic,lower is better,81,27,0.3119301494319211,0.3004094184712391,0.011520730960681938,0.0020548931867293927,0.020657842242728482,0.010866515431785934,0.02623094618320465
main_corrected_inverse_map_2026-08-31_v2,outlier_rate=0.10,HuberRidgeAIME,RidgeAIME,Huber contribution beyond ridge,log10_coef_norm,regularization diagnostic,diagnostic only,81,27,1.014650674777946,1.0617980877539352,-0.04714741297598925,-0.06334043314698819,-0.032894879601456886,-0.033303606512420925,1.4901161193847656e-08
main_corrected_inverse_map_2026-08-31_v2,outlier_rate=0.10,HuberRidgeAIME,HuberAIME,ridge contribution beyond Huber,clean_target_reconstruction_r2,clean-target reconstruction,higher is better,81,27,0.28734505617580536,0.2873441558291139,9.003466915100433e-07,-4.169700799875152e-06,5.891046324935842e-06,3.6144437931540097e-07,0.39974282681941986
main_corrected_inverse_map_2026-08-31_v2,outlier_rate=0.10,HuberRidgeAIME,HuberAIME,ridge contribution beyond Huber,clean_target_reconstruction_cosine,clean-target reconstruction,higher is better,81,27,0.5030777255977782,0.5030810717554992,-3.346157721044137e-06,-5.893459388925467e-06,-1.5391083803689016e-06,-8.463285541271404e-07,9.5367431640625e-06
main_corrected_inverse_map_2026-08-31_v2,outlier_rate=0.10,HuberRidgeAIME,HuberAIME,ridge contribution beyond Huber,operator_cosine_flat,same-method clean-reference operator recovery,higher is better,81,27,0.993221292426312,0.9932216034085279,-3.1098221605396906e-07,-4.774416429767812e-07,-1.6414032925829e-07,-1.1903152445184399e-07,0.00023631751537322998
main_corrected_inverse_map_2026-08-31_v2,outlier_rate=0.10,HuberRidgeAIME,HuberAIME,ridge contribution beyond Huber,operator_topk_jaccard,same-method clean-reference operator recovery,higher is better,81,27,0.7083385024561496,0.7083385024561496,0.0,0.0,0.0,0.0,1.0
main_corrected_inverse_map_2026-08-31_v2,outlier_rate=0.10,HuberRidgeAIME,HuberAIME,ridge contribution beyond Huber,bootstrap_cosine_flat,stability/self-consistency,higher is better,81,27,0.9714392577602645,0.9714406935852787,-1.4358250143794206e-06,-2.232595992222058e-06,-7.259049465323328e-07,-5.901531615615241e-07,0.0010209232568740845
main_corrected_inverse_map_2026-08-31_v2,outlier_rate=0.10,HuberRidgeAIME,HuberAIME,ridge contribution beyond Huber,irrelevant_decoy_mass_ratio,true irrelevant-decoy attribution,lower is better,81,27,0.016680892533833126,0.01668017659200261,7.159418305209222e-07,3.60687525847191e-07,1.174429546767216e-06,2.9409964423926055e-07,2.518296241760254e-06
main_corrected_inverse_map_2026-08-31_v2,outlier_rate=0.10,HuberRidgeAIME,HuberAIME,ridge contribution beyond Huber,clone_mass_ratio,correlated-clone redistribution,descriptive,81,27,0.16124280328194723,0.16124306999643762,-2.6671449040901915e-07,-5.379235193040768e-07,-6.009597184647134e-08,-3.323719205416964e-08,0.009562906117832044
main_corrected_inverse_map_2026-08-31_v2,outlier_rate=0.10,HuberRidgeAIME,HuberAIME,ridge contribution beyond Huber,log10_cond_reg,conditioning diagnostic,lower is better,81,27,0.3119301494319211,0.31202044539746415,-9.029596554308634e-05,-0.00014242982927620398,-5.075604949767326e-05,-5.044631468815545e-05,1.4901161193847656e-08
main_corrected_inverse_map_2026-08-31_v2,outlier_rate=0.10,HuberRidgeAIME,HuberAIME,ridge contribution beyond Huber,log10_coef_norm,regularization diagnostic,diagnostic only,81,27,1.014650674777946,1.0147938884008472,-0.0001432136229011998,-0.00019735745332504095,-9.875280499545e-05,-0.00010861018350849516,1.4901161193847656e-08
main_corrected_inverse_map_2026-08-31_v2,outlier_rate=0.10,RidgeAIME,AIME,ridge contribution,clean_target_reconstruction_r2,clean-target reconstruction,higher is better,81,27,0.2529513858909754,0.25292648568680737,2.490020416800061e-05,1.4011846723217594e-05,4.114461667165269e-05,1.3832605664010345e-05,1.4901161193847656e-08
main_corrected_inverse_map_2026-08-31_v2,outlier_rate=0.10,RidgeAIME,AIME,ridge contribution,clean_target_reconstruction_cosine,clean-target reconstruction,higher is better,81,27,0.4770672331140216,0.47707192931989323,-4.696205871688544e-06,-7.47450514410589e-06,-2.368793174615725e-06,-1.6174819753161929e-06,0.00014278292655944824
main_corrected_inverse_map_2026-08-31_v2,outlier_rate=0.10,RidgeAIME,AIME,ridge contribution,operator_cosine_flat,same-method clean-reference operator recovery,higher is better,81,27,0.9289596265822789,0.9289636943388382,-4.0677565592753635e-06,-6.3197633763676065e-06,-2.2138234265646745e-06,-2.151184115025314e-06,1.3470649719238281e-05
main_corrected_inverse_map_2026-08-31_v2,outlier_rate=0.10,RidgeAIME,AIME,ridge contribution,operator_topk_jaccard,same-method clean-reference operator recovery,higher is better,81,27,0.4734155232664577,0.4734155232664577,0.0,0.0,0.0,0.0,1.0
main_corrected_inverse_map_2026-08-31_v2,outlier_rate=0.10,RidgeAIME,AIME,ridge contribution,bootstrap_cosine_flat,stability/self-consistency,higher is better,81,27,0.9322327486353742,0.9322361803114019,-3.4316760277477404e-06,-5.440942862784286e-06,-1.808749899929898e-06,-2.2204648474355437e-06,0.00010977685451507568
main_corrected_inverse_map_2026-08-31_v2,outlier_rate=0.10,RidgeAIME,AIME,ridge contribution,irrelevant_decoy_mass_ratio,true irrelevant-decoy attribution,lower is better,81,27,0.021426107312267267,0.02142549184496689,6.154673003777169e-07,3.0820723756400924e-07,9.786269314915277e-07,1.7509793768267593e-07,6.331503391265869e-05
main_corrected_inverse_map_2026-08-31_v2,outlier_rate=0.10,RidgeAIME,AIME,ridge contribution,clone_mass_ratio,correlated-clone redistribution,descriptive,81,27,0.16169708327823548,0.16169744755147514,-3.642732396595905e-07,-6.977923631077917e-07,-7.929590714609402e-08,-3.311202954418372e-08,0.008418773595809824
main_corrected_inverse_map_2026-08-31_v2,outlier_rate=0.10,RidgeAIME,AIME,ridge contribution,log10_cond_reg,conditioning diagnostic,lower is better,81,27,0.3004094184712391,0.30048470118510767,-7.528271386851615e-05,-0.00011170531213365654,-4.566220761026252e-05,-4.665835098130455e-05,1.4901161193847656e-08
main_corrected_inverse_map_2026-08-31_v2,outlier_rate=0.10,RidgeAIME,AIME,ridge contribution,log10_coef_norm,regularization diagnostic,diagnostic only,81,27,1.0617980877539352,1.0619175778471028,-0.00011949009316755379,-0.00015973033270996238,-8.69328809507645e-05,-9.35187746508026e-05,1.4901161193847656e-08
main_corrected_inverse_map_2026-08-31_v2,outlier_rate=0.10,HuberAIME,AIME,Huber contribution,clean_target_reconstruction_r2,clean-target reconstruction,higher is better,81,27,0.2873441558291139,0.25292648568680737,0.03441767014230649,0.026451819518279428,0.0433765084319202,0.025027128622245393,1.4901161193847656e-08
main_corrected_inverse_map_2026-08-31_v2,outlier_rate=0.10,HuberAIME,AIME,Huber contribution,clean_target_reconstruction_cosine,clean-target reconstruction,higher is better,81,27,0.5030810717554992,0.47707192931989323,0.02600914243560608,0.02019993574049418,0.03263417258529489,0.023785747167028592,1.4901161193847656e-08
main_corrected_inverse_map_2026-08-31_v2,outlier_rate=0.10,HuberAIME,AIME,Huber contribution,operator_cosine_flat,same-method clean-reference operator recovery,higher is better,81,27,0.9932216034085279,0.9289636943388382,0.06425790906968967,0.042823079321194384,0.08870457888882631,0.042062709500706896,1.4901161193847656e-08
main_corrected_inverse_map_2026-08-31_v2,outlier_rate=0.10,HuberAIME,AIME,Huber contribution,operator_topk_jaccard,same-method clean-reference operator recovery,higher is better,81,27,0.7083385024561496,0.4734155232664577,0.23492297918969174,0.1939408739037509,0.27423715568280416,0.2548562548562549,5.588714547658938e-06
main_corrected_inverse_map_2026-08-31_v2,outlier_rate=0.10,HuberAIME,AIME,Huber contribution,bootstrap_cosine_flat,stability/self-consistency,higher is better,81,27,0.9714406935852787,0.9322361803114019,0.03920451327387671,0.029552058892556445,0.04962463062875046,0.03147481615235318,1.4901161193847656e-08
main_corrected_inverse_map_2026-08-31_v2,outlier_rate=0.10,HuberAIME,AIME,Huber contribution,irrelevant_decoy_mass_ratio,true irrelevant-decoy attribution,lower is better,81,27,0.01668017659200261,0.02142549184496689,-0.004745315252964282,-0.006769438044871469,-0.0028204677575198248,-0.0030068055176946454,6.660819053649902e-06
main_corrected_inverse_map_2026-08-31_v2,outlier_rate=0.10,HuberAIME,AIME,Huber contribution,clone_mass_ratio,correlated-clone redistribution,descriptive,81,27,0.16124306999643762,0.16169744755147514,-0.00045437755503748034,-0.0021023695025956337,0.0012890291432910645,0.0,0.34910194464272437
main_corrected_inverse_map_2026-08-31_v2,outlier_rate=0.10,HuberAIME,AIME,Huber contribution,log10_cond_reg,conditioning diagnostic,lower is better,81,27,0.31202044539746415,0.30048470118510767,0.011535744212356504,0.0021256745370496935,0.02091603512831798,0.010870814688375613,0.02623094618320465
main_corrected_inverse_map_2026-08-31_v2,outlier_rate=0.10,HuberAIME,AIME,Huber contribution,log10_coef_norm,regularization diagnostic,diagnostic only,81,27,1.0147938884008472,1.0619175778471028,-0.047123689446255605,-0.06320088926185746,-0.03240783979386505,-0.03326533714781325,1.4901161193847656e-08
main_corrected_inverse_map_2026-08-31_v2,joint_high_stress,HuberRidgeAIME,RidgeAIME,Huber contribution beyond ridge,clean_target_reconstruction_r2,clean-target reconstruction,higher is better,27,9,0.2947543061065059,0.2585533860435781,0.03620092006292783,0.02186973776736385,0.053061938672012275,0.025019680491626544,0.00390625
main_corrected_inverse_map_2026-08-31_v2,joint_high_stress,HuberRidgeAIME,RidgeAIME,Huber contribution beyond ridge,clean_target_reconstruction_cosine,clean-target reconstruction,higher is better,27,9,0.5147927821289812,0.4884498261473054,0.026342955981675905,0.015615488264312069,0.03776929623026189,0.026834626946789703,0.00390625
main_corrected_inverse_map_2026-08-31_v2,joint_high_stress,HuberRidgeAIME,RidgeAIME,Huber contribution beyond ridge,operator_cosine_flat,same-method clean-reference operator recovery,higher is better,27,9,0.994150428168688,0.9404729675621175,0.053677460606570526,0.026785631650118682,0.08411904244814,0.036128474753460815,0.00390625
main_corrected_inverse_map_2026-08-31_v2,joint_high_stress,HuberRidgeAIME,RidgeAIME,Huber contribution beyond ridge,operator_topk_jaccard,same-method clean-reference operator recovery,higher is better,27,9,0.6827054572152611,0.4330507908939282,0.249654666321333,0.1987970876859766,0.2956857442968554,0.26875901875901875,0.00390625
main_corrected_inverse_map_2026-08-31_v2,joint_high_stress,HuberRidgeAIME,RidgeAIME,Huber contribution beyond ridge,bootstrap_cosine_flat,stability/self-consistency,higher is better,27,9,0.9750766498449892,0.9395320903084781,0.03554455953651132,0.021885808732996413,0.050230209534702426,0.031480027789651976,0.00390625
main_corrected_inverse_map_2026-08-31_v2,joint_high_stress,HuberRidgeAIME,RidgeAIME,Huber contribution beyond ridge,irrelevant_decoy_mass_ratio,true irrelevant-decoy attribution,lower is better,27,9,0.013157623602810462,0.01697260278247288,-0.00381497917966242,-0.005956397678930134,-0.0017105189478661812,-0.003006915404457819,0.00390625
main_corrected_inverse_map_2026-08-31_v2,joint_high_stress,HuberRidgeAIME,RidgeAIME,Huber contribution beyond ridge,clone_mass_ratio,correlated-clone redistribution,descriptive,27,9,0.3002652077696735,0.2982073002889365,0.002057907480737125,-0.0004330114716403765,0.005850995290792639,-0.00011217952003060121,0.5703125
main_corrected_inverse_map_2026-08-31_v2,joint_high_stress,HuberRidgeAIME,RidgeAIME,Huber contribution beyond ridge,log10_cond_reg,conditioning diagnostic,lower is better,27,9,0.28777648927902433,0.2744352164804044,0.013341272798619826,-0.0038234590023891795,0.028562613490684466,0.010866515431785934,0.09765625
main_corrected_inverse_map_2026-08-31_v2,joint_high_stress,HuberRidgeAIME,RidgeAIME,Huber contribution beyond ridge,log10_coef_norm,regularization diagnostic,diagnostic only,27,9,1.0477491442057807,1.095077785979514,-0.04732864177373339,-0.07704055130578966,-0.02290385923818478,-0.02683277008728539,0.00390625
main_corrected_inverse_map_2026-08-31_v2,joint_high_stress,HuberRidgeAIME,HuberAIME,ridge contribution beyond Huber,clean_target_reconstruction_r2,clean-target reconstruction,higher is better,27,9,0.2947543061065059,0.29475079536247273,3.5107440332432307e-06,-2.1703630791406172e-06,8.931140936493426e-06,3.3186464734047405e-06,0.25
main_corrected_inverse_map_2026-08-31_v2,joint_high_stress,HuberRidgeAIME,HuberAIME,ridge contribution beyond Huber,clean_target_reconstruction_cosine,clean-target reconstruction,higher is better,27,9,0.5147927821289812,0.5147948751282759,-2.092999294604718e-06,-3.8764331239755565e-06,-6.761548907264235e-07,-8.463285541271404e-07,0.00390625
main_corrected_inverse_map_2026-08-31_v2,joint_high_stress,HuberRidgeAIME,HuberAIME,ridge contribution beyond Huber,operator_cosine_flat,same-method clean-reference operator recovery,higher is better,27,9,0.994150428168688,0.9941507138231908,-2.8565450280490824e-07,-6.076793426572305e-07,-3.2601615046890383e-08,-1.109837115542689e-07,0.0546875
main_corrected_inverse_map_2026-08-31_v2,joint_high_stress,HuberRidgeAIME,HuberAIME,ridge contribution beyond Huber,operator_topk_jaccard,same-method clean-reference operator recovery,higher is better,27,9,0.6827054572152611,0.6827054572152611,0.0,0.0,0.0,0.0,1.0
main_corrected_inverse_map_2026-08-31_v2,joint_high_stress,HuberRidgeAIME,HuberAIME,ridge contribution beyond Huber,bootstrap_cosine_flat,stability/self-consistency,higher is better,27,9,0.9750766498449892,0.9750778154058016,-1.1655608122202104e-06,-2.3989586350661416e-06,-1.9104827597488722e-07,-4.5178371636348896e-07,0.07421875
main_corrected_inverse_map_2026-08-31_v2,joint_high_stress,HuberRidgeAIME,HuberAIME,ridge contribution beyond Huber,irrelevant_decoy_mass_ratio,true irrelevant-decoy attribution,lower is better,27,9,0.013157623602810462,0.013157238140135122,3.8546267534025687e-07,1.6622599547638213e-07,6.15918674532407e-07,2.9409964423926055e-07,0.00390625
main_corrected_inverse_map_2026-08-31_v2,joint_high_stress,HuberRidgeAIME,HuberAIME,ridge contribution beyond Huber,clone_mass_ratio,correlated-clone redistribution,descriptive,27,9,0.3002652077696735,0.3002658467845529,-6.390148793547592e-07,-1.2905049574183789e-06,-1.8566928480324737e-07,-4.4289723044599327e-07,0.00390625
main_corrected_inverse_map_2026-08-31_v2,joint_high_stress,HuberRidgeAIME,HuberAIME,ridge contribution beyond Huber,log10_cond_reg,conditioning diagnostic,lower is better,27,9,0.28777648927902433,0.28784367374286507,-6.718446384074922e-05,-0.00011136001581055696,-3.1698931747778996e-05,-4.866241018387322e-05,0.00390625
main_corrected_inverse_map_2026-08-31_v2,joint_high_stress,HuberRidgeAIME,HuberAIME,ridge contribution beyond Huber,log10_coef_norm,regularization diagnostic,diagnostic only,27,9,1.0477491442057807,1.047868958838045,-0.0001198146322642903,-0.00017191554829365947,-7.571504765928323e-05,-0.00010466510183730164,0.00390625
main_corrected_inverse_map_2026-08-31_v2,joint_high_stress,RidgeAIME,AIME,ridge contribution,clean_target_reconstruction_r2,clean-target reconstruction,higher is better,27,9,0.2585533860435781,0.25852933334134154,2.4052702236524823e-05,1.0903675330845432e-05,4.143378353986486e-05,1.3832605664010345e-05,0.00390625
main_corrected_inverse_map_2026-08-31_v2,joint_high_stress,RidgeAIME,AIME,ridge contribution,clean_target_reconstruction_cosine,clean-target reconstruction,higher is better,27,9,0.4884498261473054,0.4884534262943666,-3.6001470612692345e-06,-6.943476433051109e-06,-6.944031965054047e-07,-6.71820259775154e-07,0.0390625
main_corrected_inverse_map_2026-08-31_v2,joint_high_stress,RidgeAIME,AIME,ridge contribution,operator_cosine_flat,same-method clean-reference operator recovery,higher is better,27,9,0.9404729675621175,0.9404768079587849,-3.840396667388047e-06,-7.5911394150553235e-06,-9.055685568805023e-07,-1.3105061816842678e-06,0.02734375
main_corrected_inverse_map_2026-08-31_v2,joint_high_stress,RidgeAIME,AIME,ridge contribution,operator_topk_jaccard,same-method clean-reference operator recovery,higher is better,27,9,0.4330507908939282,0.4330507908939282,0.0,0.0,0.0,0.0,1.0
main_corrected_inverse_map_2026-08-31_v2,joint_high_stress,RidgeAIME,AIME,ridge contribution,bootstrap_cosine_flat,stability/self-consistency,higher is better,27,9,0.9395320903084781,0.9395353240224948,-3.233714016723952e-06,-6.626432373286359e-06,-7.166758531033061e-07,-1.2419329391925398e-06,0.0390625
main_corrected_inverse_map_2026-08-31_v2,joint_high_stress,RidgeAIME,AIME,ridge contribution,irrelevant_decoy_mass_ratio,true irrelevant-decoy attribution,lower is better,27,9,0.01697260278247288,0.016972158771228825,4.4401124405733426e-07,1.4871042718358214e-07,7.597614405763466e-07,1.7509793768267593e-07,0.0390625
main_corrected_inverse_map_2026-08-31_v2,joint_high_stress,RidgeAIME,AIME,ridge contribution,clone_mass_ratio,correlated-clone redistribution,descriptive,27,9,0.2982073002889365,0.29820834583422956,-1.0455452931716572e-06,-1.758736267051654e-06,-3.9654529190182e-07,-7.130429094022913e-07,0.01171875
main_corrected_inverse_map_2026-08-31_v2,joint_high_stress,RidgeAIME,AIME,ridge contribution,log10_cond_reg,conditioning diagnostic,lower is better,27,9,0.2744352164804044,0.2744941133720904,-5.8896891685921755e-05,-9.361639000075832e-05,-2.9575131041879303e-05,-4.4363153594193884e-05,0.00390625
main_corrected_inverse_map_2026-08-31_v2,joint_high_stress,RidgeAIME,AIME,ridge contribution,log10_coef_norm,regularization diagnostic,diagnostic only,27,9,1.095077785979514,1.0951817031534632,-0.00010391717394913152,-0.0001456112516621392,-6.790463908042707e-05,-9.248197066306456e-05,0.00390625
main_corrected_inverse_map_2026-08-31_v2,joint_high_stress,HuberAIME,AIME,Huber contribution,clean_target_reconstruction_r2,clean-target reconstruction,higher is better,27,9,0.29475079536247273,0.25852933334134154,0.03622146202113111,0.021998253512499122,0.0530051417354772,0.025027128622245393,0.00390625
main_corrected_inverse_map_2026-08-31_v2,joint_high_stress,HuberAIME,AIME,Huber contribution,clean_target_reconstruction_cosine,clean-target reconstruction,higher is better,27,9,0.5147948751282759,0.4884534262943666,0.02634144883390924,0.01578473350614673,0.03758613636749844,0.026828978565496663,0.00390625
main_corrected_inverse_map_2026-08-31_v2,joint_high_stress,HuberAIME,AIME,Huber contribution,operator_cosine_flat,same-method clean-reference operator recovery,higher is better,27,9,0.9941507138231908,0.9404768079587849,0.05367390586440593,0.027051265251643072,0.08434345125580071,0.03612336686682246,0.00390625
main_corrected_inverse_map_2026-08-31_v2,joint_high_stress,HuberAIME,AIME,Huber contribution,operator_topk_jaccard,same-method clean-reference operator recovery,higher is better,27,9,0.6827054572152611,0.4330507908939282,0.249654666321333,0.19874055985167097,0.29531181267292383,0.26875901875901875,0.00390625
main_corrected_inverse_map_2026-08-31_v2,joint_high_stress,HuberAIME,AIME,Huber contribution,bootstrap_cosine_flat,stability/self-consistency,higher is better,27,9,0.9750778154058016,0.9395353240224948,0.03554249138330681,0.022116678357154404,0.05037973179624253,0.03147481615235318,0.00390625
main_corrected_inverse_map_2026-08-31_v2,joint_high_stress,HuberAIME,AIME,Huber contribution,irrelevant_decoy_mass_ratio,true irrelevant-decoy attribution,lower is better,27,9,0.013157238140135122,0.016972158771228825,-0.0038149206310937023,-0.005943841081284067,-0.0017802282192419929,-0.0030068055176946454,0.00390625
main_corrected_inverse_map_2026-08-31_v2,joint_high_stress,HuberAIME,AIME,Huber contribution,clone_mass_ratio,correlated-clone redistribution,descriptive,27,9,0.3002658467845529,0.29820834583422956,0.002057500950323308,-0.0004370408163614246,0.005888907012947717,-0.00011214204983358196,0.5703125
main_corrected_inverse_map_2026-08-31_v2,joint_high_stress,HuberAIME,AIME,Huber contribution,log10_cond_reg,conditioning diagnostic,lower is better,27,9,0.28784367374286507,0.2744941133720904,0.01334956037077465,-0.0037167254189762852,0.028735338024747925,0.010870814688375613,0.09765625
main_corrected_inverse_map_2026-08-31_v2,joint_high_stress,HuberAIME,AIME,Huber contribution,log10_coef_norm,regularization diagnostic,diagnostic only,27,9,1.047868958838045,1.0951817031534632,-0.04731274431541824,-0.07739385042005326,-0.02299678879192824,-0.026823863913975288,0.00390625
